n,Average,Min,Max,Range,Variance
1000,0.000007,0.000007,0.000007,0.000000,0.000000
2000,0.000014,0.000014,0.000014,0.000000,0.000000
3000,0.000021,0.000019,0.000033,0.000014,0.000000
4000,0.000027,0.000027,0.000027,0.000000,0.000000
5000,0.000032,0.000031,0.000034,0.000003,0.000000
6000,0.000038,0.000037,0.000048,0.000011,0.000000
7000,0.000044,0.000044,0.000046,0.000002,0.000000
8000,0.000051,0.000050,0.000061,0.000011,0.000000
9000,0.000055,0.000052,0.000085,0.000033,0.000000
10000,0.000058,0.000058,0.000059,0.000001,0.000000
11000,0.000064,0.000064,0.000065,0.000001,0.000000
12000,0.000071,0.000066,0.000096,0.000030,0.000000
13000,0.000071,0.000071,0.000073,0.000002,0.000000
14000,0.000077,0.000076,0.000086,0.000010,0.000000
15000,0.000082,0.000082,0.000083,0.000001,0.000000
16000,0.000083,0.000082,0.000087,0.000005,0.000000
17000,0.000088,0.000087,0.000095,0.000008,0.000000
18000,0.000093,0.000092,0.000100,0.000008,0.000000
19000,0.000096,0.000092,0.000115,0.000023,0.000000
20000,0.000097,0.000097,0.000104,0.000007,0.000000
21000,0.000102,0.000102,0.000109,0.000007,0.000000
22000,0.000105,0.000101,0.000123,0.000022,0.000000
23000,0.000106,0.000106,0.000113,0.000007,0.000000
24000,0.000110,0.000110,0.000117,0.000007,0.000000
25000,0.000113,0.000109,0.000134,0.000025,0.000000
26000,0.000114,0.000114,0.000114,0.000000,0.000000
27000,0.000118,0.000118,0.000119,0.000001,0.000000
28000,0.000119,0.000117,0.000123,0.000006,0.000000
29000,0.000122,0.000121,0.000129,0.000008,0.000000
30000,0.000125,0.000125,0.000135,0.000010,0.000000
31000,0.000124,0.000123,0.000129,0.000006,0.000000
32000,0.000128,0.000127,0.000142,0.000015,0.000000
33000,0.000131,0.000126,0.000146,0.000020,0.000000
34000,0.000129,0.000129,0.000130,0.000001,0.000000
35000,0.000133,0.000133,0.000139,0.000006,0.000000
36000,0.000135,0.000131,0.000150,0.000019,0.000000
37000,0.000135,0.000135,0.000140,0.000005,0.000000
38000,0.000139,0.000138,0.000145,0.000007,0.000000
39000,0.000142,0.000142,0.000149,0.000007,0.000000
40000,0.000146,0.000146,0.000151,0.000005,0.000000
41000,0.000150,0.000149,0.000155,0.000006,0.000000
42000,0.000153,0.000153,0.000159,0.000006,0.000000
43000,0.000157,0.000157,0.000161,0.000004,0.000000
44000,0.000161,0.000160,0.000167,0.000007,0.000000
45000,0.000164,0.000164,0.000173,0.000009,0.000000
46000,0.000168,0.000167,0.000173,0.000006,0.000000
47000,0.000171,0.000171,0.000177,0.000006,0.000000
48000,0.000175,0.000175,0.000182,0.000007,0.000000
49000,0.000178,0.000178,0.000184,0.000006,0.000000
50000,0.000182,0.000182,0.000188,0.000006,0.000000
51000,0.000186,0.000186,0.000191,0.000005,0.000000
52000,0.000190,0.000189,0.000195,0.000006,0.000000
53000,0.000193,0.000193,0.000199,0.000006,0.000000
54000,0.000197,0.000196,0.000202,0.000006,0.000000
55000,0.000201,0.000200,0.000206,0.000006,0.000000
56000,0.000204,0.000204,0.000210,0.000006,0.000000
57000,0.000210,0.000208,0.000220,0.000012,0.000000
58000,0.000213,0.000212,0.000221,0.000009,0.000000
59000,0.000217,0.000216,0.000224,0.000008,0.000000
60000,0.000221,0.000219,0.000228,0.000009,0.000000
61000,0.000225,0.000223,0.000234,0.000011,0.000000
62000,0.000228,0.000227,0.000235,0.000008,0.000000
63000,0.000232,0.000230,0.000241,0.000011,0.000000
64000,0.000236,0.000234,0.000244,0.000010,0.000000
65000,0.000238,0.000237,0.000246,0.000009,0.000000
66000,0.000241,0.000240,0.000248,0.000008,0.000000
67000,0.000244,0.000244,0.000251,0.000007,0.000000
68000,0.000248,0.000248,0.000254,0.000006,0.000000
69000,0.000252,0.000251,0.000257,0.000006,0.000000
70000,0.000256,0.000255,0.000262,0.000007,0.000000
71000,0.000259,0.000258,0.000265,0.000007,0.000000
72000,0.000263,0.000262,0.000268,0.000006,0.000000
73000,0.000267,0.000266,0.000276,0.000010,0.000000
74000,0.000270,0.000269,0.000280,0.000011,0.000000
75000,0.000274,0.000273,0.000278,0.000005,0.000000
76000,0.000277,0.000276,0.000283,0.000007,0.000000
77000,0.000281,0.000280,0.000287,0.000007,0.000000
78000,0.000285,0.000284,0.000290,0.000006,0.000000
79000,0.000288,0.000288,0.000293,0.000005,0.000000
80000,0.000292,0.000291,0.000296,0.000005,0.000000
81000,0.000295,0.000295,0.000301,0.000006,0.000000
82000,0.000299,0.000298,0.000304,0.000006,0.000000
83000,0.000303,0.000302,0.000307,0.000005,0.000000
84000,0.000306,0.000306,0.000310,0.000004,0.000000
85000,0.000310,0.000309,0.000314,0.000005,0.000000
86000,0.000313,0.000313,0.000318,0.000005,0.000000
87000,0.000317,0.000317,0.000322,0.000005,0.000000
88000,0.000321,0.000320,0.000328,0.000008,0.000000
89000,0.000325,0.000324,0.000331,0.000007,0.000000
90000,0.000328,0.000327,0.000333,0.000006,0.000000
91000,0.000332,0.000331,0.000336,0.000005,0.000000
92000,0.000336,0.000335,0.000339,0.000004,0.000000
93000,0.000339,0.000338,0.000343,0.000005,0.000000
94000,0.000343,0.000342,0.000352,0.000010,0.000000
95000,0.000346,0.000346,0.000350,0.000004,0.000000
96000,0.000350,0.000349,0.000355,0.000006,0.000000
97000,0.000354,0.000353,0.000357,0.000004,0.000000
98000,0.000357,0.000357,0.000361,0.000004,0.000000
99000,0.000361,0.000360,0.000366,0.000006,0.000000
100000,0.000365,0.000364,0.000370,0.000006,0.000000
101000,0.000368,0.000367,0.000373,0.000006,0.000000
102000,0.000372,0.000371,0.000377,0.000006,0.000000
103000,0.000376,0.000375,0.000379,0.000004,0.000000
104000,0.000379,0.000379,0.000384,0.000005,0.000000
105000,0.000383,0.000382,0.000387,0.000005,0.000000
106000,0.000387,0.000386,0.000391,0.000005,0.000000
107000,0.000390,0.000389,0.000395,0.000006,0.000000
108000,0.000394,0.000393,0.000398,0.000005,0.000000
109000,0.000398,0.000397,0.000402,0.000005,0.000000
110000,0.000401,0.000400,0.000406,0.000006,0.000000
111000,0.000404,0.000404,0.000409,0.000005,0.000000
112000,0.000408,0.000408,0.000412,0.000004,0.000000
113000,0.000412,0.000411,0.000416,0.000005,0.000000
114000,0.000416,0.000415,0.000421,0.000006,0.000000
115000,0.000419,0.000419,0.000423,0.000004,0.000000
116000,0.000423,0.000422,0.000427,0.000005,0.000000
117000,0.000427,0.000426,0.000433,0.000007,0.000000
118000,0.000430,0.000430,0.000435,0.000005,0.000000
119000,0.000434,0.000433,0.000438,0.000005,0.000000
120000,0.000438,0.000437,0.000442,0.000005,0.000000
121000,0.000441,0.000440,0.000446,0.000006,0.000000
122000,0.000445,0.000444,0.000448,0.000004,0.000000
123000,0.000449,0.000448,0.000453,0.000005,0.000000
124000,0.000452,0.000451,0.000456,0.000005,0.000000
125000,0.000456,0.000455,0.000461,0.000006,0.000000
126000,0.000460,0.000459,0.000464,0.000005,0.000000
127000,0.000463,0.000462,0.000467,0.000005,0.000000
128000,0.000467,0.000466,0.000470,0.000004,0.000000
129000,0.000470,0.000470,0.000474,0.000004,0.000000
130000,0.000474,0.000473,0.000479,0.000006,0.000000
131000,0.000478,0.000477,0.000482,0.000005,0.000000
132000,0.000482,0.000480,0.000486,0.000006,0.000000
133000,0.000487,0.000484,0.000541,0.000057,0.000000
134000,0.000489,0.000488,0.000493,0.000005,0.000000
135000,0.000492,0.000491,0.000498,0.000007,0.000000
136000,0.000496,0.000495,0.000500,0.000005,0.000000
137000,0.000500,0.000499,0.000504,0.000005,0.000000
138000,0.000503,0.000502,0.000507,0.000005,0.000000
139000,0.000507,0.000506,0.000511,0.000005,0.000000
140000,0.000511,0.000510,0.000514,0.000004,0.000000
141000,0.000514,0.000513,0.000518,0.000005,0.000000
142000,0.000519,0.000516,0.000526,0.000010,0.000000
143000,0.000522,0.000520,0.000528,0.000008,0.000000
144000,0.000525,0.000524,0.000531,0.000007,0.000000
145000,0.000529,0.000527,0.000533,0.000006,0.000000
146000,0.000532,0.000531,0.000536,0.000005,0.000000
147000,0.000536,0.000535,0.000540,0.000005,0.000000
148000,0.000540,0.000539,0.000547,0.000008,0.000000
149000,0.000543,0.000542,0.000548,0.000006,0.000000
150000,0.000547,0.000546,0.000552,0.000006,0.000000
151000,0.000551,0.000550,0.000555,0.000005,0.000000
152000,0.000554,0.000553,0.000559,0.000006,0.000000
153000,0.000558,0.000557,0.000562,0.000005,0.000000
154000,0.000562,0.000560,0.000566,0.000006,0.000000
155000,0.000565,0.000564,0.000570,0.000006,0.000000
156000,0.000569,0.000568,0.000573,0.000005,0.000000
157000,0.000572,0.000571,0.000576,0.000005,0.000000
158000,0.000576,0.000575,0.000581,0.000006,0.000000
159000,0.000580,0.000575,0.000585,0.000010,0.000000
160000,0.000584,0.000582,0.000588,0.000006,0.000000
161000,0.000587,0.000586,0.000593,0.000007,0.000000
162000,0.000591,0.000590,0.000595,0.000005,0.000000
163000,0.000594,0.000593,0.000599,0.000006,0.000000
164000,0.000598,0.000597,0.000602,0.000005,0.000000
165000,0.000602,0.000601,0.000606,0.000005,0.000000
166000,0.000605,0.000604,0.000610,0.000006,0.000000
167000,0.000609,0.000608,0.000612,0.000004,0.000000
168000,0.000613,0.000611,0.000618,0.000007,0.000000
169000,0.000616,0.000615,0.000628,0.000013,0.000000
170000,0.000620,0.000619,0.000624,0.000005,0.000000
171000,0.000624,0.000622,0.000628,0.000006,0.000000
172000,0.000627,0.000626,0.000631,0.000005,0.000000
173000,0.000631,0.000630,0.000635,0.000005,0.000000
174000,0.000635,0.000633,0.000641,0.000008,0.000000
175000,0.000638,0.000636,0.000642,0.000006,0.000000
176000,0.000642,0.000640,0.000646,0.000006,0.000000
177000,0.000646,0.000644,0.000650,0.000006,0.000000
178000,0.000649,0.000648,0.000653,0.000005,0.000000
179000,0.000653,0.000652,0.000657,0.000005,0.000000
180000,0.000656,0.000655,0.000660,0.000005,0.000000
181000,0.000662,0.000659,0.000672,0.000013,0.000000
182000,0.000670,0.000664,0.000682,0.000018,0.000000
183000,0.000668,0.000666,0.000676,0.000010,0.000000
184000,0.000671,0.000670,0.000676,0.000006,0.000000
185000,0.000675,0.000673,0.000681,0.000008,0.000000
186000,0.000678,0.000677,0.000682,0.000005,0.000000
187000,0.000683,0.000681,0.000687,0.000006,0.000000
188000,0.000686,0.000684,0.000690,0.000006,0.000000
189000,0.000689,0.000688,0.000693,0.000005,0.000000
190000,0.000693,0.000692,0.000697,0.000005,0.000000
191000,0.000697,0.000695,0.000702,0.000007,0.000000
192000,0.000700,0.000699,0.000704,0.000005,0.000000
193000,0.000704,0.000702,0.000708,0.000006,0.000000
194000,0.000707,0.000706,0.000713,0.000007,0.000000
195000,0.000713,0.000709,0.000763,0.000054,0.000001
196000,0.000715,0.000713,0.000721,0.000008,0.000001
197000,0.000718,0.000717,0.000723,0.000006,0.000001
198000,0.000722,0.000721,0.000727,0.000006,0.000001
199000,0.000726,0.000724,0.000730,0.000006,0.000001
200000,0.000730,0.000728,0.000734,0.000006,0.000001
201000,0.000736,0.000732,0.000776,0.000044,0.000001
202000,0.000736,0.000735,0.000742,0.000007,0.000001
203000,0.000740,0.000738,0.000745,0.000007,0.000001
204000,0.000744,0.000742,0.000749,0.000007,0.000001
205000,0.000748,0.000746,0.000752,0.000006,0.000001
206000,0.000751,0.000749,0.000756,0.000007,0.000001
207000,0.000755,0.000753,0.000759,0.000006,0.000001
208000,0.000759,0.000757,0.000762,0.000005,0.000001
209000,0.000763,0.000761,0.000767,0.000006,0.000001
210000,0.000766,0.000764,0.000771,0.000007,0.000001
211000,0.000770,0.000768,0.000773,0.000005,0.000001
212000,0.000773,0.000772,0.000778,0.000006,0.000001
213000,0.000777,0.000775,0.000782,0.000007,0.000001
214000,0.000780,0.000779,0.000785,0.000006,0.000001
215000,0.000785,0.000783,0.000789,0.000006,0.000001
216000,0.000789,0.000786,0.000795,0.000009,0.000001
217000,0.000792,0.000790,0.000797,0.000007,0.000001
218000,0.000795,0.000793,0.000801,0.000008,0.000001
219000,0.000799,0.000797,0.000803,0.000006,0.000001
220000,0.000802,0.000801,0.000807,0.000006,0.000001
221000,0.000807,0.000804,0.000817,0.000013,0.000001
222000,0.000810,0.000808,0.000815,0.000007,0.000001
223000,0.000814,0.000812,0.000818,0.000006,0.000001
224000,0.000817,0.000815,0.000821,0.000006,0.000001
225000,0.000821,0.000819,0.000826,0.000007,0.000001
226000,0.000824,0.000823,0.000830,0.000007,0.000001
227000,0.000829,0.000827,0.000832,0.000005,0.000001
228000,0.000832,0.000830,0.000836,0.000006,0.000001
229000,0.000835,0.000834,0.000841,0.000007,0.000001
230000,0.000839,0.000837,0.000843,0.000006,0.000001
231000,0.000843,0.000841,0.000850,0.000009,0.000001
232000,0.000847,0.000845,0.000851,0.000006,0.000001
233000,0.000850,0.000848,0.000854,0.000006,0.000001
234000,0.000854,0.000852,0.000859,0.000007,0.000001
235000,0.000857,0.000855,0.000862,0.000007,0.000001
236000,0.000861,0.000859,0.000865,0.000006,0.000001
237000,0.000864,0.000863,0.000869,0.000006,0.000001
238000,0.000868,0.000866,0.000873,0.000007,0.000001
239000,0.000872,0.000870,0.000876,0.000006,0.000001
240000,0.000875,0.000874,0.000881,0.000007,0.000001
241000,0.000879,0.000877,0.000884,0.000007,0.000001
242000,0.000883,0.000881,0.000887,0.000006,0.000001
243000,0.000887,0.000885,0.000892,0.000007,0.000001
244000,0.000890,0.000887,0.000895,0.000008,0.000001
245000,0.000894,0.000893,0.000899,0.000006,0.000001
246000,0.000897,0.000895,0.000902,0.000007,0.000001
247000,0.000901,0.000899,0.000905,0.000006,0.000001
248000,0.000906,0.000903,0.000911,0.000008,0.000001
249000,0.000909,0.000906,0.000913,0.000007,0.000001
250000,0.000912,0.000910,0.000917,0.000007,0.000001
251000,0.000916,0.000914,0.000921,0.000007,0.000001
252000,0.000920,0.000917,0.000924,0.000007,0.000001
253000,0.000923,0.000921,0.000927,0.000006,0.000001
254000,0.000927,0.000925,0.000931,0.000006,0.000001
255000,0.000930,0.000928,0.000934,0.000006,0.000001
256000,0.000934,0.000932,0.000938,0.000006,0.000001
257000,0.000938,0.000936,0.000942,0.000006,0.000001
258000,0.000942,0.000938,0.000946,0.000008,0.000001
259000,0.000945,0.000943,0.000948,0.000005,0.000001
260000,0.000948,0.000946,0.000953,0.000007,0.000001
261000,0.000953,0.000950,0.000957,0.000007,0.000001
262000,0.000956,0.000954,0.000960,0.000006,0.000001
263000,0.000959,0.000957,0.000964,0.000007,0.000001
264000,0.000963,0.000961,0.000974,0.000013,0.000001
265000,0.000967,0.000965,0.000971,0.000006,0.000001
266000,0.000970,0.000968,0.000975,0.000007,0.000001
267000,0.000974,0.000972,0.000979,0.000007,0.000001
268000,0.000978,0.000975,0.000982,0.000007,0.000001
269000,0.000981,0.000979,0.000986,0.000007,0.000001
270000,0.000985,0.000983,0.000989,0.000006,0.000001
271000,0.000989,0.000986,0.000993,0.000007,0.000001
272000,0.000992,0.000990,0.000996,0.000006,0.000001
273000,0.000997,0.000994,0.001000,0.000006,0.000001
274000,0.000999,0.000997,0.001003,0.000006,0.000001
275000,0.001003,0.001001,0.001008,0.000007,0.000001
276000,0.001007,0.001005,0.001012,0.000007,0.000001
277000,0.001011,0.001008,0.001015,0.000007,0.000001
278000,0.001014,0.001012,0.001019,0.000007,0.000001
279000,0.001018,0.001016,0.001022,0.000006,0.000001
280000,0.001021,0.001019,0.001026,0.000007,0.000001
281000,0.001025,0.001022,0.001030,0.000008,0.000001
282000,0.001031,0.001026,0.001086,0.000060,0.000001
283000,0.001032,0.001029,0.001037,0.000008,0.000001
284000,0.001036,0.001034,0.001040,0.000006,0.000001
285000,0.001039,0.001037,0.001044,0.000007,0.000001
286000,0.001044,0.001041,0.001053,0.000012,0.000001
287000,0.001048,0.001045,0.001054,0.000009,0.000001
288000,0.001050,0.001048,0.001055,0.000007,0.000001
289000,0.001054,0.001052,0.001059,0.000007,0.000001
290000,0.001058,0.001056,0.001062,0.000006,0.000001
291000,0.001062,0.001059,0.001068,0.000009,0.000001
292000,0.001065,0.001062,0.001070,0.000008,0.000001
293000,0.001069,0.001066,0.001073,0.000007,0.000001
294000,0.001073,0.001070,0.001077,0.000007,0.000001
295000,0.001076,0.001074,0.001081,0.000007,0.000001
296000,0.001080,0.001077,0.001085,0.000008,0.000001
297000,0.001083,0.001081,0.001088,0.000007,0.000001
298000,0.001087,0.001085,0.001091,0.000006,0.000001
299000,0.001091,0.001088,0.001096,0.000008,0.000001
300000,0.001095,0.001092,0.001099,0.000007,0.000001
301000,0.001099,0.001096,0.001107,0.000011,0.000001
302000,0.001101,0.001098,0.001106,0.000008,0.000001
303000,0.001106,0.001103,0.001111,0.000008,0.000001
304000,0.001109,0.001107,0.001114,0.000007,0.000001
305000,0.001112,0.001110,0.001117,0.000007,0.000001
306000,0.001117,0.001114,0.001120,0.000006,0.000001
307000,0.001121,0.001117,0.001130,0.000013,0.000001
308000,0.001123,0.001121,0.001127,0.000006,0.000001
309000,0.001128,0.001125,0.001134,0.000009,0.000001
310000,0.001131,0.001128,0.001135,0.000007,0.000001
311000,0.001134,0.001132,0.001140,0.000008,0.000001
312000,0.001138,0.001136,0.001142,0.000006,0.000001
313000,0.001141,0.001139,0.001147,0.000008,0.000001
314000,0.001146,0.001143,0.001149,0.000006,0.000001
315000,0.001149,0.001147,0.001153,0.000006,0.000001
316000,0.001152,0.001150,0.001157,0.000007,0.000001
317000,0.001158,0.001154,0.001211,0.000057,0.000001
318000,0.001161,0.001158,0.001165,0.000007,0.000001
319000,0.001163,0.001161,0.001168,0.000007,0.000001
320000,0.001168,0.001165,0.001172,0.000007,0.000001
321000,0.001172,0.001169,0.001178,0.000009,0.000001
322000,0.001176,0.001174,0.001182,0.000008,0.000001
323000,0.001179,0.001176,0.001183,0.000007,0.000001
324000,0.001183,0.001181,0.001186,0.000005,0.000001
325000,0.001186,0.001185,0.001190,0.000005,0.000001
326000,0.001190,0.001187,0.001195,0.000008,0.000001
327000,0.001194,0.001192,0.001198,0.000006,0.000001
328000,0.001197,0.001196,0.001201,0.000005,0.000001
329000,0.001201,0.001200,0.001205,0.000005,0.000001
330000,0.001205,0.001203,0.001210,0.000007,0.000001
331000,0.001208,0.001207,0.001211,0.000004,0.000001
332000,0.001212,0.001211,0.001215,0.000004,0.000001
333000,0.001216,0.001214,0.001219,0.000005,0.000001
334000,0.001219,0.001218,0.001223,0.000005,0.000001
335000,0.001223,0.001222,0.001233,0.000011,0.000001
336000,0.001228,0.001223,0.001239,0.000016,0.000002
337000,0.001230,0.001227,0.001235,0.000008,0.000002
338000,0.001233,0.001230,0.001239,0.000009,0.000002
339000,0.001236,0.001234,0.001241,0.000007,0.000002
340000,0.001240,0.001237,0.001244,0.000007,0.000002
341000,0.001244,0.001241,0.001248,0.000007,0.000002
342000,0.001247,0.001245,0.001255,0.000010,0.000002
343000,0.001252,0.001248,0.001260,0.000012,0.000002
344000,0.001255,0.001252,0.001260,0.000008,0.000002
345000,0.001259,0.001256,0.001263,0.000007,0.000002
346000,0.001262,0.001259,0.001266,0.000007,0.000002
347000,0.001266,0.001263,0.001270,0.000007,0.000002
348000,0.001270,0.001267,0.001274,0.000007,0.000002
349000,0.001274,0.001270,0.001326,0.000056,0.000002
350000,0.001277,0.001274,0.001282,0.000008,0.000002
351000,0.001281,0.001278,0.001284,0.000006,0.000002
352000,0.001284,0.001281,0.001288,0.000007,0.000002
353000,0.001289,0.001285,0.001296,0.000011,0.000002
354000,0.001292,0.001288,0.001296,0.000008,0.000002
355000,0.001295,0.001292,0.001300,0.000008,0.000002
356000,0.001298,0.001296,0.001303,0.000007,0.000002
357000,0.001302,0.001298,0.001307,0.000009,0.000002
358000,0.001306,0.001303,0.001310,0.000007,0.000002
359000,0.001310,0.001307,0.001313,0.000006,0.000002
360000,0.001314,0.001310,0.001319,0.000009,0.000002
361000,0.001317,0.001313,0.001321,0.000008,0.000002
362000,0.001321,0.001318,0.001325,0.000007,0.000002
363000,0.001324,0.001321,0.001328,0.000007,0.000002
364000,0.001328,0.001325,0.001332,0.000007,0.000002
365000,0.001332,0.001329,0.001341,0.000012,0.000002
366000,0.001335,0.001332,0.001340,0.000008,0.000002
367000,0.001339,0.001335,0.001344,0.000009,0.000002
368000,0.001343,0.001340,0.001347,0.000007,0.000002
369000,0.001347,0.001343,0.001350,0.000007,0.000002
370000,0.001350,0.001347,0.001354,0.000007,0.000002
371000,0.001357,0.001350,0.001368,0.000018,0.000002
372000,0.001360,0.001354,0.001372,0.000018,0.000002
373000,0.001360,0.001358,0.001367,0.000009,0.000002
374000,0.001364,0.001361,0.001368,0.000007,0.000002
375000,0.001367,0.001365,0.001372,0.000007,0.000002
376000,0.001372,0.001369,0.001377,0.000008,0.000002
377000,0.001375,0.001372,0.001380,0.000008,0.000002
378000,0.001382,0.001376,0.001435,0.000059,0.000002
379000,0.001383,0.001379,0.001388,0.000009,0.000002
380000,0.001386,0.001383,0.001390,0.000007,0.000002
381000,0.001391,0.001387,0.001397,0.000010,0.000002
382000,0.001394,0.001390,0.001403,0.000013,0.000002
383000,0.001397,0.001394,0.001403,0.000009,0.000002
384000,0.001401,0.001398,0.001406,0.000008,0.000002
385000,0.001405,0.001401,0.001409,0.000008,0.000002
386000,0.001408,0.001405,0.001414,0.000009,0.000002
387000,0.001412,0.001409,0.001416,0.000007,0.000002
388000,0.001415,0.001412,0.001421,0.000009,0.000002
389000,0.001419,0.001416,0.001423,0.000007,0.000002
390000,0.001423,0.001420,0.001427,0.000007,0.000002
391000,0.001426,0.001423,0.001431,0.000008,0.000002
392000,0.001430,0.001427,0.001435,0.000008,0.000002
393000,0.001434,0.001430,0.001443,0.000013,0.000002
394000,0.001437,0.001434,0.001441,0.000007,0.000002
395000,0.001441,0.001437,0.001446,0.000009,0.000002
396000,0.001445,0.001441,0.001449,0.000008,0.000002
397000,0.001448,0.001445,0.001452,0.000007,0.000002
398000,0.001452,0.001449,0.001457,0.000008,0.000002
399000,0.001456,0.001451,0.001461,0.000010,0.000002
400000,0.001459,0.001455,0.001464,0.000009,0.000002
401000,0.001463,0.001460,0.001466,0.000006,0.000002
402000,0.001466,0.001463,0.001471,0.000008,0.000002
403000,0.001470,0.001467,0.001474,0.000007,0.000002
404000,0.001474,0.001471,0.001479,0.000008,0.000002
405000,0.001479,0.001474,0.001530,0.000056,0.000002
406000,0.001483,0.001478,0.001493,0.000015,0.000002
407000,0.001487,0.001485,0.001493,0.000008,0.000002
408000,0.001489,0.001485,0.001494,0.000009,0.000002
409000,0.001492,0.001489,0.001497,0.000008,0.000002
410000,0.001496,0.001492,0.001500,0.000008,0.000002
411000,0.001499,0.001496,0.001504,0.000008,0.000002
412000,0.001503,0.001500,0.001507,0.000007,0.000002
413000,0.001506,0.001503,0.001511,0.000008,0.000002
414000,0.001510,0.001507,0.001515,0.000008,0.000002
415000,0.001514,0.001511,0.001517,0.000006,0.000002
416000,0.001518,0.001514,0.001522,0.000008,0.000002
417000,0.001522,0.001518,0.001526,0.000008,0.000002
418000,0.001525,0.001521,0.001529,0.000008,0.000002
419000,0.001529,0.001525,0.001539,0.000014,0.000002
420000,0.001532,0.001529,0.001536,0.000007,0.000002
421000,0.001537,0.001532,0.001542,0.000010,0.000002
422000,0.001539,0.001535,0.001544,0.000009,0.000002
423000,0.001543,0.001540,0.001548,0.000008,0.000002
424000,0.001547,0.001543,0.001551,0.000008,0.000002
425000,0.001550,0.001547,0.001554,0.000007,0.000002
426000,0.001554,0.001551,0.001559,0.000008,0.000002
427000,0.001557,0.001554,0.001561,0.000007,0.000002
428000,0.001561,0.001558,0.001566,0.000008,0.000002
429000,0.001565,0.001562,0.001570,0.000008,0.000002
430000,0.001569,0.001565,0.001573,0.000008,0.000002
431000,0.001574,0.001568,0.001627,0.000059,0.000002
432000,0.001575,0.001571,0.001580,0.000009,0.000002
433000,0.001580,0.001576,0.001584,0.000008,0.000002
434000,0.001583,0.001580,0.001591,0.000011,0.000003
435000,0.001586,0.001583,0.001591,0.000008,0.000003
436000,0.001591,0.001587,0.001598,0.000011,0.000003
437000,0.001594,0.001590,0.001598,0.000008,0.000003
438000,0.001598,0.001594,0.001603,0.000009,0.000003
439000,0.001601,0.001597,0.001607,0.000010,0.000003
440000,0.001605,0.001602,0.001609,0.000007,0.000003
441000,0.001608,0.001605,0.001614,0.000009,0.000003
442000,0.001612,0.001609,0.001617,0.000008,0.000003
443000,0.001616,0.001612,0.001619,0.000007,0.000003
444000,0.001620,0.001615,0.001628,0.000013,0.000003
445000,0.001623,0.001618,0.001629,0.000011,0.000003
446000,0.001627,0.001623,0.001630,0.000007,0.000003
447000,0.001631,0.001626,0.001647,0.000021,0.000003
448000,0.001634,0.001631,0.001639,0.000008,0.000003
449000,0.001638,0.001633,0.001642,0.000009,0.000003
450000,0.001641,0.001638,0.001649,0.000011,0.000003
451000,0.001645,0.001642,0.001650,0.000008,0.000003
452000,0.001649,0.001645,0.001652,0.000007,0.000003
453000,0.001652,0.001649,0.001657,0.000008,0.000003
454000,0.001657,0.001653,0.001660,0.000007,0.000003
455000,0.001664,0.001656,0.001748,0.000092,0.000003
456000,0.001664,0.001660,0.001668,0.000008,0.000003
457000,0.001669,0.001664,0.001681,0.000017,0.000003
458000,0.001673,0.001667,0.001679,0.000012,0.000003
459000,0.001675,0.001669,0.001679,0.000010,0.000003
460000,0.001678,0.001674,0.001682,0.000008,0.000003
461000,0.001682,0.001678,0.001686,0.000008,0.000003
462000,0.001686,0.001682,0.001690,0.000008,0.000003
463000,0.001690,0.001688,0.001695,0.000007,0.000003
464000,0.001693,0.001689,0.001697,0.000008,0.000003
465000,0.001696,0.001693,0.001700,0.000007,0.000003
466000,0.001700,0.001696,0.001704,0.000008,0.000003
467000,0.001704,0.001700,0.001714,0.000014,0.000003
468000,0.001707,0.001703,0.001712,0.000009,0.000003
469000,0.001711,0.001707,0.001716,0.000009,0.000003
470000,0.001714,0.001711,0.001718,0.000007,0.000003
471000,0.001719,0.001715,0.001722,0.000007,0.000003
472000,0.001722,0.001718,0.001726,0.000008,0.000003
473000,0.001726,0.001722,0.001731,0.000009,0.000003
474000,0.001730,0.001728,0.001733,0.000005,0.000003
475000,0.001733,0.001728,0.001737,0.000009,0.000003
476000,0.001736,0.001731,0.001740,0.000009,0.000003
477000,0.001740,0.001736,0.001744,0.000008,0.000003
478000,0.001746,0.001740,0.001796,0.000056,0.000003
479000,0.001748,0.001743,0.001752,0.000009,0.000003
480000,0.001751,0.001747,0.001755,0.000008,0.000003
481000,0.001755,0.001751,0.001760,0.000009,0.000003
482000,0.001759,0.001755,0.001763,0.000008,0.000003
483000,0.001762,0.001758,0.001766,0.000008,0.000003
484000,0.001766,0.001762,0.001770,0.000008,0.000003
485000,0.001770,0.001765,0.001774,0.000009,0.000003
486000,0.001773,0.001769,0.001781,0.000012,0.000003
487000,0.001776,0.001773,0.001780,0.000007,0.000003
488000,0.001780,0.001776,0.001786,0.000010,0.000003
489000,0.001784,0.001780,0.001792,0.000012,0.000003
490000,0.001787,0.001782,0.001796,0.000014,0.000003
491000,0.001791,0.001787,0.001797,0.000010,0.000003
492000,0.001795,0.001790,0.001800,0.000010,0.000003
493000,0.001798,0.001795,0.001803,0.000008,0.000003
494000,0.001804,0.001798,0.001834,0.000036,0.000003
495000,0.001810,0.001802,0.001828,0.000026,0.000003
496000,0.001809,0.001805,0.001814,0.000009,0.000003
497000,0.001813,0.001809,0.001817,0.000008,0.000003
498000,0.001816,0.001813,0.001822,0.000009,0.000003
499000,0.001821,0.001816,0.001825,0.000009,0.000003
500000,0.001823,0.001818,0.001828,0.000010,0.000003
