100,0.000094
100,0.000137
100,0.000144
100,0.000128
100,0.000133
100,0.000141
100,0.000129
100,0.000126
100,0.000139
100,0.000131
100,0.000133
100,0.000140
100,0.000061
100,0.000236
100,0.000131
100,0.000132
100,0.000141
100,0.000131
100,0.000132
100,0.000142
100,0.000131
100,0.000132
100,0.000142
100,0.000114
100,0.000121
100,0.000137
100,0.000133
100,0.000133
100,0.000130
100,0.000129
100,0.000130
100,0.000134
100,0.000365
100,0.000141
100,0.000129
100,0.000134
100,0.000142
100,0.000128
100,0.000134
100,0.000236
100,0.000129
100,0.000134
100,0.000141
100,0.000128
100,0.000133
100,0.000144
100,0.000129
100,0.000133
100,0.000150
100,0.000127

200,0.000535
200,0.000532
200,0.000529
200,0.000532
200,0.001235
200,0.000544
200,0.000538
200,0.000537
200,0.000503
200,0.000525
200,0.000518
200,0.000546
200,0.000527
200,0.000527
200,0.000528
200,0.000805
200,0.000533
200,0.000530
200,0.000536
200,0.000532
200,0.001039
200,0.000540
200,0.000534
200,0.000534
200,0.000726
200,0.000547
200,0.000195
200,0.000524
200,0.000531
200,0.000528
200,0.000527
200,0.000532
200,0.000535
200,0.001035
200,0.000555
200,0.000530
200,0.000525
200,0.000524
200,0.000530
200,0.000290
200,0.000538
200,0.000537
200,0.000525
200,0.000529
200,0.000534
200,0.000568
200,0.000534
200,0.000541
200,0.000346
200,0.001214

300,0.001205
300,0.001184
300,0.001168
300,0.001152
300,0.001259
300,0.001174
300,0.000910
300,0.000899
300,0.000936
300,0.000939
300,0.000901
300,0.000929
300,0.000883
300,0.000944
300,0.001009
300,0.000922
300,0.001023
300,0.000893
300,0.000704
300,0.000934
300,0.000697
300,0.000929
300,0.000969
300,0.000945
300,0.000916
300,0.001218
300,0.001094
300,0.001114
300,0.001046
300,0.001191
300,0.001257
300,0.001190
300,0.001183
300,0.001181
300,0.001192
300,0.001349
300,0.001161
300,0.001192
300,0.001200
300,0.001177
300,0.001195
300,0.001176
300,0.000869
300,0.001180
300,0.001202
300,0.001108
300,0.001210
300,0.001186
300,0.001022
300,0.001227

400,0.002111
400,0.001943
400,0.002118
400,0.001796
400,0.002734
400,0.002121
400,0.002310
400,0.002618
400,0.002244
400,0.002327
400,0.002275
400,0.002833
400,0.002236
400,0.002231
400,0.002319
400,0.002792
400,0.002228
400,0.002198
400,0.002226
400,0.001705
400,0.002992
400,0.002143
400,0.002279
400,0.002905
400,0.002116
400,0.002114
400,0.002231
400,0.002271
400,0.002267
400,0.002113
400,0.003109
400,0.002128
400,0.001840
400,0.001767
400,0.002808
400,0.002107
400,0.002257
400,0.002218
400,0.001622
400,0.002689
400,0.002108
400,0.002018
400,0.001951
400,0.002094
400,0.001528
400,0.001314
400,0.002233
400,0.001625
400,0.001622
400,0.001829

500,0.002327
500,0.002420
500,0.002457
500,0.002308
500,0.002463
500,0.002232
500,0.002905
500,0.002698
500,0.002303
500,0.002561
500,0.002508
500,0.003205
500,0.003459
500,0.003160
500,0.003391
500,0.003516
500,0.003504
500,0.003414
500,0.003933
500,0.003469
500,0.002459
500,0.002883
500,0.002923
500,0.003219
500,0.003201
500,0.003255
500,0.004166
500,0.003170
500,0.003313
500,0.003999
500,0.003521
500,0.003631
500,0.003372
500,0.003462
500,0.003413
500,0.003918
500,0.003218
500,0.003583
500,0.016492
500,0.002795
500,0.003476
500,0.003011
500,0.003579
500,0.004065
500,0.002469
500,0.002979
500,0.002518
500,0.003087
500,0.003458
500,0.003450

600,0.005001
600,0.005269
600,0.004310
600,0.004316
600,0.005206
600,0.004673
600,0.003529
600,0.004290
600,0.005529
600,0.003703
600,0.004335
600,0.003770
600,0.005659
600,0.004646
600,0.005646
600,0.003990
600,0.004162
600,0.003181
600,0.004948
600,0.004668
600,0.004587
600,0.005203
600,0.005083
600,0.004141
600,0.004210
600,0.004122
600,0.003371
600,0.003533
600,0.003487
600,0.003115
600,0.003886
600,0.004411
600,0.003826
600,0.003469
600,0.003186
600,0.004951
600,0.005119
600,0.004794
600,0.005007
600,0.005249
600,0.004707
600,0.004953
600,0.004769
600,0.005415
600,0.005393
600,0.004660
600,0.003895
600,0.003405
600,0.004128
600,0.003702

700,0.005280
700,0.006685
700,0.006175
700,0.004953
700,0.007458
700,0.007313
700,0.007204
700,0.007017
700,0.006917
700,0.005118
700,0.005177
700,0.006396
700,0.006927
700,0.006989
700,0.006442
700,0.006813
700,0.006583
700,0.006580
700,0.005204
700,0.006170
700,0.007436
700,0.008018
700,0.005879
700,0.006385
700,0.006134
700,0.005796
700,0.006191
700,0.006504
700,0.007401
700,0.005989
700,0.009720
700,0.005099
700,0.007117
700,0.006448
700,0.007142
700,0.005932
700,0.004571
700,0.007530
700,0.007324
700,0.005650
700,0.006696
700,0.005074
700,0.005732
700,0.005507
700,0.005007
700,0.007029
700,0.007238
700,0.007030
700,0.007028
700,0.006062

800,0.010613
800,0.009519
800,0.007131
800,0.006961
800,0.007040
800,0.009712
800,0.009122
800,0.009395
800,0.007509
800,0.009513
800,0.009339
800,0.006390
800,0.007273
800,0.007182
800,0.007919
800,0.007893
800,0.006725
800,0.009118
800,0.008888
800,0.008056
800,0.010258
800,0.006445
800,0.008946
800,0.010387
800,0.009473
800,0.010095
800,0.007805
800,0.010217
800,0.007784
800,0.009474
800,0.009573
800,0.009601
800,0.007576
800,0.007099
800,0.009026
800,0.009272
800,0.009460
800,0.006553
800,0.006644
800,0.008719
800,0.009023
800,0.009858
800,0.007150
800,0.006899
800,0.006291
800,0.006863
800,0.007439
800,0.007034
800,0.010222
800,0.009253

900,0.013676
900,0.013479
900,0.012625
900,0.012447
900,0.013062
900,0.009163
900,0.009117
900,0.010893
900,0.012699
900,0.010502
900,0.008229
900,0.008361
900,0.010557
900,0.012894
900,0.012172
900,0.011753
900,0.010458
900,0.012273
900,0.013228
900,0.012918
900,0.012644
900,0.012446
900,0.011993
900,0.008944
900,0.011574
900,0.011405
900,0.011489
900,0.013188
900,0.013489
900,0.011730
900,0.009304
900,0.010164
900,0.012516
900,0.010377
900,0.012288
900,0.008980
900,0.009636
900,0.009928
900,0.010765
900,0.012386
900,0.011175
900,0.012706
900,0.012933
900,0.012658
900,0.012734
900,0.013167
900,0.009522
900,0.008661
900,0.010337
900,0.008585

1000,0.011113
1000,0.014267
1000,0.016281
1000,0.012639
1000,0.016552
1000,0.012958
1000,0.012240
1000,0.014967
1000,0.017278
1000,0.017581
1000,0.015957
1000,0.016440
1000,0.015889
1000,0.016235
1000,0.012509
1000,0.013593
1000,0.016832
1000,0.011651
1000,0.011216
1000,0.012947
1000,0.016820
1000,0.016362
1000,0.017546
1000,0.015608
1000,0.016678
1000,0.017466
1000,0.016889
1000,0.013224
1000,0.012827
1000,0.017089
1000,0.016947
1000,0.017020
1000,0.016255
1000,0.017448
1000,0.011987
1000,0.012050
1000,0.017781
1000,0.017030
1000,0.016596
1000,0.016863
1000,0.012843
1000,0.015948
1000,0.015824
1000,0.016157
1000,0.014351
1000,0.012797
1000,0.016228
1000,0.015360
1000,0.014043
1000,0.016568

1100,0.021924
1100,0.021695
1100,0.021424
1100,0.017990
1100,0.019460
1100,0.020864
1100,0.022262
1100,0.021558
1100,0.020072
1100,0.017121
1100,0.020600
1100,0.021326
1100,0.021463
1100,0.020857
1100,0.021783
1100,0.016483
1100,0.021330
1100,0.021533
1100,0.017106
1100,0.015559
1100,0.018791
1100,0.017638
1100,0.015552
1100,0.022718
1100,0.022211
1100,0.021398
1100,0.018747
1100,0.021828
1100,0.021509
1100,0.021015
1100,0.017760
1100,0.021118
1100,0.018989
1100,0.019026
1100,0.022937
1100,0.022213
1100,0.018807
1100,0.016219
1100,0.017045
1100,0.015793
1100,0.021790
1100,0.021612
1100,0.020908
1100,0.018072
1100,0.018171
1100,0.030907
1100,0.023243
1100,0.017243
1100,0.019864
1100,0.021730

1200,0.024568
1200,0.027519
1200,0.027770
1200,0.027022
1200,0.024251
1200,0.024948
1200,0.028566
1200,0.027115
1200,0.024033
1200,0.028095
1200,0.023038
1200,0.027186
1200,0.024777
1200,0.022864
1200,0.024320
1200,0.030195
1200,0.020798
1200,0.025225
1200,0.027492
1200,0.023949
1200,0.022905
1200,0.023869
1200,0.021358
1200,0.026028
1200,0.024298
1200,0.026166
1200,0.026442
1200,0.026447
1200,0.021724
1200,0.024803
1200,0.028441
1200,0.026654
1200,0.022114
1200,0.022746
1200,0.023889
1200,0.028564
1200,0.026025
1200,0.023852
1200,0.023449
1200,0.024048
1200,0.026998
1200,0.027885
1200,0.027652
1200,0.031374
1200,0.029951
1200,0.028675
1200,0.022143
1200,0.025624
1200,0.027928
1200,0.027713

1300,0.029042
1300,0.032716
1300,0.029306
1300,0.031942
1300,0.027191
1300,0.031749
1300,0.033277
1300,0.031519
1300,0.026869
1300,0.032250
1300,0.028958
1300,0.033501
1300,0.032936
1300,0.027457
1300,0.028825
1300,0.027005
1300,0.029039
1300,0.030151
1300,0.031695
1300,0.035033
1300,0.032330
1300,0.032582
1300,0.026708
1300,0.028465
1300,0.032379
1300,0.032571
1300,0.027229
1300,0.033188
1300,0.032433
1300,0.033586
1300,0.029805
1300,0.032436
1300,0.032733
1300,0.037549
1300,0.033921
1300,0.032561
1300,0.030647
1300,0.026785
1300,0.032425
1300,0.031780
1300,0.025506
1300,0.029257
1300,0.028684
1300,0.032171
1300,0.030790
1300,0.029132
1300,0.031409
1300,0.028468
1300,0.027209
1300,0.032173

1400,0.036650
1400,0.035884
1400,0.046956
1400,0.039441
1400,0.031676
1400,0.039614
1400,0.041036
1400,0.053969
1400,0.039228
1400,0.036407
1400,0.035206
1400,0.036831
1400,0.039589
1400,0.055694
1400,0.033857
1400,0.038176
1400,0.046044
1400,0.037922
1400,0.036350
1400,0.039886
1400,0.031577
1400,0.038665
1400,0.037766
1400,0.035399
1400,0.032639
1400,0.039623
1400,0.037972
1400,0.038097
1400,0.034663
1400,0.049379
1400,0.044230
1400,0.043171
1400,0.031609
1400,0.034064
1400,0.036574
1400,0.039109
1400,0.034407
1400,0.037684
1400,0.039061
1400,0.036353
1400,0.040364
1400,0.031846
1400,0.039342
1400,0.039962
1400,0.032769
1400,0.039623
1400,0.039815
1400,0.038244
1400,0.032511
1400,0.040246

1500,0.038488
1500,0.042338
1500,0.044278
1500,0.044286
1500,0.043929
1500,0.044917
1500,0.046776
1500,0.040378
1500,0.046215
1500,0.043849
1500,0.043213
1500,0.042097
1500,0.046354
1500,0.046387
1500,0.043545
1500,0.043735
1500,0.043208
1500,0.040974
1500,0.045917
1500,0.046502
1500,0.045088
1500,0.045776
1500,0.043502
1500,0.044450
1500,0.037656
1500,0.046068
1500,0.038932
1500,0.043804
1500,0.045866
1500,0.043190
1500,0.038860
1500,0.047015
1500,0.044846
1500,0.039242
1500,0.045942
1500,0.047462
1500,0.044425
1500,0.039552
1500,0.046055
1500,0.045548
1500,0.039007
1500,0.037927
1500,0.058232
1500,0.043960
1500,0.036842
1500,0.043421
1500,0.042433
1500,0.042568
1500,0.041216
1500,0.042214

1600,0.047530
1600,0.049295
1600,0.050788
1600,0.056450
1600,0.054022
1600,0.043706
1600,0.051913
1600,0.051013
1600,0.048881
1600,0.054511
1600,0.051520
1600,0.046500
1600,0.046410
1600,0.047006
1600,0.052553
1600,0.048635
1600,0.051064
1600,0.043278
1600,0.047651
1600,0.046653
1600,0.044449
1600,0.050651
1600,0.050806
1600,0.042742
1600,0.053359
1600,0.051619
1600,0.050204
1600,0.048498
1600,0.047860
1600,0.052396
1600,0.050497
1600,0.053718
1600,0.066999
1600,0.042146
1600,0.050755
1600,0.055467
1600,0.049411
1600,0.044880
1600,0.048290
1600,0.052717
1600,0.043824
1600,0.043668
1600,0.046705
1600,0.044555
1600,0.052064
1600,0.048180
1600,0.046788
1600,0.050940
1600,0.049153
1600,0.045773

1700,0.054960
1700,0.061204
1700,0.048340
1700,0.059972
1700,0.047236
1700,0.058949
1700,0.058429
1700,0.052581
1700,0.054245
1700,0.051847
1700,0.061244
1700,0.057086
1700,0.061617
1700,0.051831
1700,0.061099
1700,0.048559
1700,0.057937
1700,0.047719
1700,0.054547
1700,0.048701
1700,0.057767
1700,0.060883
1700,0.054081
1700,0.060452
1700,0.058448
1700,0.064071
1700,0.048612
1700,0.059757
1700,0.059377
1700,0.050319
1700,0.059396
1700,0.058492
1700,0.061224
1700,0.054337
1700,0.054288
1700,0.058467
1700,0.057405
1700,0.049634
1700,0.056280
1700,0.048895
1700,0.054934
1700,0.060486
1700,0.060666
1700,0.058865
1700,0.060912
1700,0.054444
1700,0.055274
1700,0.051651
1700,0.062090
1700,0.049123

1800,0.068873
1800,0.070554
1800,0.070576
1800,0.072697
1800,0.072054
1800,0.068937
1800,0.061751
1800,0.071785
1800,0.064801
1800,0.070358
1800,0.069436
1800,0.070674
1800,0.065517
1800,0.072114
1800,0.070531
1800,0.070061
1800,0.068871
1800,0.063240
1800,0.074773
1800,0.068162
1800,0.073728
1800,0.067376
1800,0.070656
1800,0.069707
1800,0.071041
1800,0.070908
1800,0.063248
1800,0.068151
1800,0.069369
1800,0.067605
1800,0.064279
1800,0.064102
1800,0.065309
1800,0.070678
1800,0.063776
1800,0.067720
1800,0.070203
1800,0.065178
1800,0.062284
1800,0.073126
1800,0.072780
1800,0.068322
1800,0.065273
1800,0.072882
1800,0.070390
1800,0.062056
1800,0.074434
1800,0.059596
1800,0.063964
1800,0.060392

1900,0.075279
1900,0.070330
1900,0.080949
1900,0.077643
1900,0.071764
1900,0.072537
1900,0.082009
1900,0.078437
1900,0.078823
1900,0.074766
1900,0.078780
1900,0.082904
1900,0.072424
1900,0.069276
1900,0.079347
1900,0.080150
1900,0.080106
1900,0.077593
1900,0.079857
1900,0.070200
1900,0.080571
1900,0.075732
1900,0.081310
1900,0.074949
1900,0.071847
1900,0.080044
1900,0.083633
1900,0.072882
1900,0.078905
1900,0.078219
1900,0.076106
1900,0.074585
1900,0.074062
1900,0.076796
1900,0.077440
1900,0.078126
1900,0.082254
1900,0.080979
1900,0.083342
1900,0.080515
1900,0.078266
1900,0.080527
1900,0.083208
1900,0.073586
1900,0.082087
1900,0.081453
1900,0.081214
1900,0.072332
1900,0.078128
1900,0.078557

2000,0.088497
2000,0.074883
2000,0.081873
2000,0.089605
2000,0.086945
2000,0.097810
2000,0.085258
2000,0.084113
2000,0.088365
2000,0.091372
2000,0.085356
2000,0.081034
2000,0.085672
2000,0.091670
2000,0.086504
2000,0.093118
2000,0.092743
2000,0.093143
2000,0.090617
2000,0.089645
2000,0.089105
2000,0.089839
2000,0.092680
2000,0.087166
2000,0.084165
2000,0.090881
2000,0.088898
2000,0.085733
2000,0.086223
2000,0.089885
2000,0.087878
2000,0.086939
2000,0.088951
2000,0.090886
2000,0.088148
2000,0.084917
2000,0.091428
2000,0.076262
2000,0.093588
2000,0.085713
2000,0.087721
2000,0.082832
2000,0.081047
2000,0.090482
2000,0.088957
2000,0.088431
2000,0.089185
2000,0.087785
2000,0.084793
2000,0.086417

2100,0.105782
2100,0.096275
2100,0.104202
2100,0.095966
2100,0.101249
2100,0.091078
2100,0.105554
2100,0.099631
2100,0.104795
2100,0.104839
2100,0.090245
2100,0.093323
2100,0.101741
2100,0.103812
2100,0.099239
2100,0.096534
2100,0.093120
2100,0.098219
2100,0.108327
2100,0.101986
2100,0.106813
2100,0.104215
2100,0.098137
2100,0.104091
2100,0.094615
2100,0.103620
2100,0.093931
2100,0.099427
2100,0.094640
2100,0.099539
2100,0.105558
2100,0.097794
2100,0.100307
2100,0.101637
2100,0.106089
2100,0.096364
2100,0.103751
2100,0.089481
2100,0.094224
2100,0.098454
2100,0.093430
2100,0.095962
2100,0.097857
2100,0.099873
2100,0.095911
2100,0.098352
2100,0.101857
2100,0.102735
2100,0.111185
2100,0.091392

2200,0.109711
2200,0.111453
2200,0.110177
2200,0.098015
2200,0.115142
2200,0.119473
2200,0.109770
2200,0.122839
2200,0.114894
2200,0.140323
2200,0.114932
2200,0.109138
2200,0.115014
2200,0.098851
2200,0.114027
2200,0.116346
2200,0.118152
2200,0.112073
2200,0.113000
2200,0.119365
2200,0.113748
2200,0.110735
2200,0.112738
2200,0.109720
2200,0.099177
2200,0.111403
2200,0.107146
2200,0.125838
2200,0.118334
2200,0.113226
2200,0.108714
2200,0.116463
2200,0.112110
2200,0.111919
2200,0.106458
2200,0.118804
2200,0.125198
2200,0.134688
2200,0.119074
2200,0.106184
2200,0.109573
2200,0.114837
2200,0.116582
2200,0.113800
2200,0.115257
2200,0.108487
2200,0.112319
2200,0.119628
2200,0.108912
2200,0.117392

2300,0.125435
2300,0.119315
2300,0.140479
2300,0.120883
2300,0.123914
2300,0.130557
2300,0.126924
2300,0.123419
2300,0.120090
2300,0.121346
2300,0.128545
2300,0.123512
2300,0.121116
2300,0.127521
2300,0.125224
2300,0.128066
2300,0.124970
2300,0.129566
2300,0.123318
2300,0.124303
2300,0.122877
2300,0.132391
2300,0.125468
2300,0.125612
2300,0.125688
2300,0.121959
2300,0.124534
2300,0.126892
2300,0.131611
2300,0.125367
2300,0.123616
2300,0.131699
2300,0.126092
2300,0.129100
2300,0.120492
2300,0.129161
2300,0.119850
2300,0.132173
2300,0.123459
2300,0.139153
2300,0.122506
2300,0.117904
2300,0.123133
2300,0.129277
2300,0.122949
2300,0.126486
2300,0.122784
2300,0.130049
2300,0.116188
2300,0.120397

2400,0.138306
2400,0.134196
2400,0.130720
2400,0.134434
2400,0.130791
2400,0.144665
2400,0.146326
2400,0.145333
2400,0.139805
2400,0.147562
2400,0.143510
2400,0.126532
2400,0.135761
2400,0.135600
2400,0.138268
2400,0.137536
2400,0.130852
2400,0.141951
2400,0.134869
2400,0.129979
2400,0.128501
2400,0.128655
2400,0.148709
2400,0.136490
2400,0.138024
2400,0.137771
2400,0.140853
2400,0.145262
2400,0.133130
2400,0.136239
2400,0.142771
2400,0.137473
2400,0.141191
2400,0.146102
2400,0.137682
2400,0.143733
2400,0.147014
2400,0.142164
2400,0.135443
2400,0.138934
2400,0.133425
2400,0.142751
2400,0.132312
2400,0.127026
2400,0.145357
2400,0.125991
2400,0.135933
2400,0.135061
2400,0.137395
2400,0.138618

2500,0.148960
2500,0.142491
2500,0.142409
2500,0.157985
2500,0.160364
2500,0.146044
2500,0.149106
2500,0.157241
2500,0.147845
2500,0.151069
2500,0.148562
2500,0.154528
2500,0.159690
2500,0.152802
2500,0.152784
2500,0.148528
2500,0.152438
2500,0.156457
2500,0.154114
2500,0.154370
2500,0.154441
2500,0.156556
2500,0.158941
2500,0.151438
2500,0.142291
2500,0.160049
2500,0.160841
2500,0.145099
2500,0.155574
2500,0.149020
2500,0.150110
2500,0.146925
2500,0.161670
2500,0.154098
2500,0.152256
2500,0.149881
2500,0.143566
2500,0.150269
2500,0.155837
2500,0.152718
2500,0.154912
2500,0.151465
2500,0.150548
2500,0.143849
2500,0.155151
2500,0.150400
2500,0.155074
2500,0.154491
2500,0.159609
2500,0.144456

2600,0.167600
2600,0.167743
2600,0.166886
2600,0.159231
2600,0.175954
2600,0.160504
2600,0.166849
2600,0.169730
2600,0.160525
2600,0.163965
2600,0.162190
2600,0.165115
2600,0.166475
2600,0.163854
2600,0.169264
2600,0.162353
2600,0.172190
2600,0.162431
2600,0.170092
2600,0.170982
2600,0.161881
2600,0.170623
2600,0.161414
2600,0.163807
2600,0.158534
2600,0.171964
2600,0.165244
2600,0.164879
2600,0.153434
2600,0.168832
2600,0.161749
2600,0.172411
2600,0.164852
2600,0.163153
2600,0.167627
2600,0.162478
2600,0.167560
2600,0.158411
2600,0.168947
2600,0.167782
2600,0.174817
2600,0.163305
2600,0.164715
2600,0.172771
2600,0.174029
2600,0.164832
2600,0.162294
2600,0.184548
2600,0.167396
2600,0.195543

2700,0.172119
2700,0.184744
2700,0.179239
2700,0.190178
2700,0.206170
2700,0.177210
2700,0.180916
2700,0.180745
2700,0.211004
2700,0.179432
2700,0.181711
2700,0.190450
2700,0.184388
2700,0.177193
2700,0.181872
2700,0.180592
2700,0.171580
2700,0.194362
2700,0.178853
2700,0.176856
2700,0.189780
2700,0.183503
2700,0.181386
2700,0.194600
2700,0.180498
2700,0.189735
2700,0.183549
2700,0.186949
2700,0.188058
2700,0.198674
2700,0.184178
2700,0.180920
2700,0.188464
2700,0.174878
2700,0.189017
2700,0.187054
2700,0.172698
2700,0.187467
2700,0.185196
2700,0.189031
2700,0.180561
2700,0.183470
2700,0.187206
2700,0.170831
2700,0.183978
2700,0.177023
2700,0.181867
2700,0.184991
2700,0.184201
2700,0.184898

2800,0.205105
2800,0.202832
2800,0.198227
2800,0.185925
2800,0.194954
2800,0.199019
2800,0.202037
2800,0.195522
2800,0.201196
2800,0.203136
2800,0.207114
2800,0.191835
2800,0.203290
2800,0.186185
2800,0.203061
2800,0.204250
2800,0.198369
2800,0.211129
2800,0.205289
2800,0.188960
2800,0.203621
2800,0.192758
2800,0.186000
2800,0.214324
2800,0.190944
2800,0.200178
2800,0.205965
2800,0.195877
2800,0.199909
2800,0.193371
2800,0.193182
2800,0.205393
2800,0.194055
2800,0.202845
2800,0.204484
2800,0.200690
2800,0.194572
2800,0.200606
2800,0.196994
2800,0.196549
2800,0.200639
2800,0.189934
2800,0.198118
2800,0.203450
2800,0.197797
2800,0.207608
2800,0.188618
2800,0.203919
2800,0.195978
2800,0.199669

2900,0.217611
2900,0.233501
2900,0.218903
2900,0.220349
2900,0.218485
2900,0.211580
2900,0.218988
2900,0.220669
2900,0.213602
2900,0.211308
2900,0.216896
2900,0.215391
2900,0.223611
2900,0.217538
2900,0.224329
2900,0.223320
2900,0.235327
2900,0.214003
2900,0.214887
2900,0.229209
2900,0.219529
2900,0.225119
2900,0.221093
2900,0.221097
2900,0.219042
2900,0.215797
2900,0.206764
2900,0.216338
2900,0.219115
2900,0.213830
2900,0.221181
2900,0.210679
2900,0.213223
2900,0.210790
2900,0.216857
2900,0.215387
2900,0.213199
2900,0.215672
2900,0.212903
2900,0.216864
2900,0.213119
2900,0.221240
2900,0.219875
2900,0.210971
2900,0.219521
2900,0.214240
2900,0.207184
2900,0.215451
2900,0.199798
2900,0.215291

3000,0.229714
3000,0.220578
3000,0.221825
3000,0.236566
3000,0.216143
3000,0.225197
3000,0.252775
3000,0.234934
3000,0.223159
3000,0.226697
3000,0.239820
3000,0.237188
3000,0.248143
3000,0.221210
3000,0.221423
3000,0.254703
3000,0.229600
3000,0.227464
3000,0.223897
3000,0.223007
3000,0.243678
3000,0.231457
3000,0.238364
3000,0.228178
3000,0.224411
3000,0.233745
3000,0.229517
3000,0.224387
3000,0.227886
3000,0.235613
3000,0.234949
3000,0.230879
3000,0.236764
3000,0.230930
3000,0.224504
3000,0.246468
3000,0.227360
3000,0.222216
3000,0.228539
3000,0.227870
3000,0.225622
3000,0.225436
3000,0.227372
3000,0.232009
3000,0.226454
3000,0.226489
3000,0.224842
3000,0.219410
3000,0.225240
3000,0.235831

3100,0.243252
3100,0.238178
3100,0.252620
3100,0.235237
3100,0.240088
3100,0.249113
3100,0.234357
3100,0.254765
3100,0.244876
3100,0.235770
3100,0.241466
3100,0.235341
3100,0.237473
3100,0.242720
3100,0.235159
3100,0.248760
3100,0.241509
3100,0.233776
3100,0.242649
3100,0.242837
3100,0.250668
3100,0.236450
3100,0.241421
3100,0.245627
3100,0.246283
3100,0.248244
3100,0.237670
3100,0.236797
3100,0.240961
3100,0.236371
3100,0.239482
3100,0.239484
3100,0.248855
3100,0.254228
3100,0.245725
3100,0.232765
3100,0.243870
3100,0.243021
3100,0.235643
3100,0.238548
3100,0.234701
3100,0.245276
3100,0.245062
3100,0.239834
3100,0.249670
3100,0.242993
3100,0.263713
3100,0.252740
3100,0.240289
3100,0.232622

3200,0.269302
3200,0.257977
3200,0.270944
3200,0.259071
3200,0.272530
3200,0.263018
3200,0.260604
3200,0.267276
3200,0.254982
3200,0.266103
3200,0.269345
3200,0.257901
3200,0.265927
3200,0.255620
3200,0.258317
3200,0.264119
3200,0.256296
3200,0.266186
3200,0.261860
3200,0.266766
3200,0.257182
3200,0.268708
3200,0.266053
3200,0.270258
3200,0.271136
3200,0.265119
3200,0.257213
3200,0.267849
3200,0.268194
3200,0.258571
3200,0.267293
3200,0.268413
3200,0.255756
3200,0.260710
3200,0.262389
3200,0.266743
3200,0.254720
3200,0.253278
3200,0.267464
3200,0.265137
3200,0.259319
3200,0.261909
3200,0.283345
3200,0.268246
3200,0.260678
3200,0.295619
3200,0.257721
3200,0.265288
3200,0.264119
3200,0.277426

3300,0.274887
3300,0.277818
3300,0.279364
3300,0.283680
3300,0.292826
3300,0.284532
3300,0.280671
3300,0.275281
3300,0.279743
3300,0.281491
3300,0.275381
3300,0.284991
3300,0.276641
3300,0.283350
3300,0.283126
3300,0.280711
3300,0.280610
3300,0.286754
3300,0.277797
3300,0.281588
3300,0.287575
3300,0.276407
3300,0.278150
3300,0.278020
3300,0.309709
3300,0.280855
3300,0.283236
3300,0.269514
3300,0.272510
3300,0.269908
3300,0.290838
3300,0.280866
3300,0.283011
3300,0.292678
3300,0.286478
3300,0.279532
3300,0.312870
3300,0.284311
3300,0.290668
3300,0.288349
3300,0.274297
3300,0.276863
3300,0.280469
3300,0.278298
3300,0.274050
3300,0.283234
3300,0.286714
3300,0.279672
3300,0.282548
3300,0.285064

3400,0.295432
3400,0.306289
3400,0.316920
3400,0.298797
3400,0.299565
3400,0.304870
3400,0.311917
3400,0.300536
3400,0.314914
3400,0.302121
3400,0.305028
3400,0.294138
3400,0.306835
3400,0.300837
3400,0.294327
3400,0.301629
3400,0.300351
3400,0.304766
3400,0.317290
3400,0.310341
3400,0.301046
3400,0.308745
3400,0.289931
3400,0.287620
3400,0.302577
3400,0.298361
3400,0.304699
3400,0.303410
3400,0.308014
3400,0.308384
3400,0.304495
3400,0.300253
3400,0.304876
3400,0.295913
3400,0.309803
3400,0.300492
3400,0.295660
3400,0.311536
3400,0.293188
3400,0.300532
3400,0.303026
3400,0.298240
3400,0.300468
3400,0.301619
3400,0.293034
3400,0.306346
3400,0.304410
3400,0.301475
3400,0.305491
3400,0.326930

3500,0.324215
3500,0.325207
3500,0.343999
3500,0.338881
3500,0.327323
3500,0.321045
3500,0.331262
3500,0.330238
3500,0.314569
3500,0.316992
3500,0.320259
3500,0.311953
3500,0.312111
3500,0.314672
3500,0.309602
3500,0.314897
3500,0.317289
3500,0.325627
3500,0.324332
3500,0.311367
3500,0.310319
3500,0.324147
3500,0.311123
3500,0.330196
3500,0.314737
3500,0.325302
3500,0.324020
3500,0.304774
3500,0.312845
3500,0.320692
3500,0.330928
3500,0.323650
3500,0.322795
3500,0.318645
3500,0.332419
3500,0.316773
3500,0.310609
3500,0.321831
3500,0.319687
3500,0.320171
3500,0.327056
3500,0.316062
3500,0.320590
3500,0.331079
3500,0.315995
3500,0.328831
3500,0.325303
3500,0.335708
3500,0.324512
3500,0.318355

3600,0.346099
3600,0.333153
3600,0.330920
3600,0.318383
3600,0.330977
3600,0.338592
3600,0.335203
3600,0.354793
3600,0.339972
3600,0.343966
3600,0.362359
3600,0.337765
3600,0.337725
3600,0.328586
3600,0.337560
3600,0.330169
3600,0.332456
3600,0.343463
3600,0.335198
3600,0.343880
3600,0.350065
3600,0.338573
3600,0.336149
3600,0.343597
3600,0.341996
3600,0.342061
3600,0.337876
3600,0.341410
3600,0.350101
3600,0.329890
3600,0.324695
3600,0.347646
3600,0.334959
3600,0.330924
3600,0.332712
3600,0.337452
3600,0.350412
3600,0.344045
3600,0.343048
3600,0.331829
3600,0.341682
3600,0.344955
3600,0.330403
3600,0.339758
3600,0.338830
3600,0.335780
3600,0.335323
3600,0.341268
3600,0.355373
3600,0.341229

3700,0.363438
3700,0.380179
3700,0.378316
3700,0.367261
3700,0.366494
3700,0.357536
3700,0.358963
3700,0.363879
3700,0.364966
3700,0.356807
3700,0.366060
3700,0.363292
3700,0.368005
3700,0.365838
3700,0.361261
3700,0.350870
3700,0.370411
3700,0.363447
3700,0.370083
3700,0.355497
3700,0.369951
3700,0.357330
3700,0.363215
3700,0.368359
3700,0.348090
3700,0.369445
3700,0.362790
3700,0.346948
3700,0.360395
3700,0.372785
3700,0.367612
3700,0.359089
3700,0.377394
3700,0.373745
3700,0.379158
3700,0.361943
3700,0.389850
3700,0.366688
3700,0.366587
3700,0.354809
3700,0.365304
3700,0.359446
3700,0.355192
3700,0.344290
3700,0.363803
3700,0.371410
3700,0.376425
3700,0.368824
3700,0.369364
3700,0.374242

3800,0.373167
3800,0.395384
3800,0.404387
3800,0.382034
3800,0.387373
3800,0.394881
3800,0.383752
3800,0.395601
3800,0.400670
3800,0.378600
3800,0.390330
3800,0.381172
3800,0.395385
3800,0.388815
3800,0.381918
3800,0.387560
3800,0.376364
3800,0.393255
3800,0.383207
3800,0.411321
3800,0.376161
3800,0.393059
3800,0.393400
3800,0.394864
3800,0.385925
3800,0.390737
3800,0.378737
3800,0.385529
3800,0.383190
3800,0.377870
3800,0.386344
3800,0.382794
3800,0.387335
3800,0.383612
3800,0.400882
3800,0.384655
3800,0.376130
3800,0.385443
3800,0.417611
3800,0.399708
3800,0.387282
3800,0.434732
3800,0.393950
3800,0.391166
3800,0.391680
3800,0.410362
3800,0.392844
3800,0.395600
3800,0.385414
3800,0.394045

3900,0.415560
3900,0.418503
3900,0.422812
3900,0.419375
3900,0.414154
3900,0.418791
3900,0.400184
3900,0.419184
3900,0.430260
3900,0.411809
3900,0.424679
3900,0.416985
3900,0.407186
3900,0.405932
3900,0.410428
3900,0.407957
3900,0.409570
3900,0.412002
3900,0.406466
3900,0.402410
3900,0.415369
3900,0.408838
3900,0.420306
3900,0.412245
3900,0.416449
3900,0.429403
3900,0.412519
3900,0.399365
3900,0.419629
3900,0.410551
3900,0.407801
3900,0.408571
3900,0.407847
3900,0.410376
3900,0.417007
3900,0.408038
3900,0.411242
3900,0.413089
3900,0.417031
3900,0.415746
3900,0.393648
3900,0.408796
3900,0.411948
3900,0.395561
3900,0.402327
3900,0.411228
3900,0.416153
3900,0.395352
3900,0.417511
3900,0.413406

4000,0.433556
4000,0.436833
4000,0.420044
4000,0.427796
4000,0.436139
4000,0.427612
4000,0.430737
4000,0.436095
4000,0.436157
4000,0.433326
4000,0.434357
4000,0.430194
4000,0.435520
4000,0.408093
4000,0.428088
4000,0.455268
4000,0.454294
4000,0.464305
4000,0.467889
4000,0.424275
4000,0.457373
4000,0.425075
4000,0.457565
4000,0.433871
4000,0.437736
4000,0.434005
4000,0.440629
4000,0.431318
4000,0.432766
4000,0.438129
4000,0.450296
4000,0.420030
4000,0.422846
4000,0.438961
4000,0.430115
4000,0.431336
4000,0.429428
4000,0.444151
4000,0.428205
4000,0.450410
4000,0.432612
4000,0.435034
4000,0.431356
4000,0.426587
4000,0.439528
4000,0.445235
4000,0.439165
4000,0.426902
4000,0.433513
4000,0.419149

4100,0.444858
4100,0.453631
4100,0.448888
4100,0.462212
4100,0.459816
4100,0.474199
4100,0.450428
4100,0.451840
4100,0.449413
4100,0.453853
4100,0.456922
4100,0.443855
4100,0.465923
4100,0.453825
4100,0.456487
4100,0.458034
4100,0.468923
4100,0.481869
4100,0.463152
4100,0.455495
4100,0.444596
4100,0.469419
4100,0.459808
4100,0.449736
4100,0.446067
4100,0.450523
4100,0.441372
4100,0.461673
4100,0.450278
4100,0.448673
4100,0.455799
4100,0.443676
4100,0.460941
4100,0.477610
4100,0.439304
4100,0.459260
4100,0.453617
4100,0.461173
4100,0.466774
4100,0.470963
4100,0.457503
4100,0.496456
4100,0.493292
4100,0.450941
4100,0.452060
4100,0.449397
4100,0.446205
4100,0.451039
4100,0.457142
4100,0.449289

4200,0.481769
4200,0.482630
4200,0.510290
4200,0.490664
4200,0.498612
4200,0.556311
4200,0.481780
4200,0.482962
4200,0.480418
4200,0.497648
4200,0.513823
4200,0.475638
4200,0.483069
4200,0.496940
4200,0.488081
4200,0.486419
4200,0.499618
4200,0.481486
4200,0.481843
4200,0.471995
4200,0.487171
4200,0.499242
4200,0.487328
4200,0.469922
4200,0.474601
4200,0.496313
4200,0.475876
4200,0.493164
4200,0.488940
4200,0.484806
4200,0.471614
4200,0.489642
4200,0.489456
4200,0.469155
4200,0.482191
4200,0.501682
4200,0.502728
4200,0.497218
4200,0.491669
4200,0.490776
4200,0.497024
4200,0.484040
4200,0.469800
4200,0.474916
4200,0.476760
4200,0.484024
4200,0.484350
4200,0.492728
4200,0.479001
4200,0.486757

4300,0.501764
4300,0.513145
4300,0.511280
4300,0.512014
4300,0.508833
4300,0.500898
4300,0.511942
4300,0.530275
4300,0.523719
4300,0.536706
4300,0.535955
4300,0.534546
4300,0.509786
4300,0.508257
4300,0.510272
4300,0.513633
4300,0.515289
4300,0.517945
4300,0.484428
4300,0.531462
4300,0.509648
4300,0.514869
4300,0.516873
4300,0.518780
4300,0.513829
4300,0.510714
4300,0.519387
4300,0.508474
4300,0.532712
4300,0.515895
4300,0.503908
4300,0.490520
4300,0.518488
4300,0.524997
4300,0.534583
4300,0.510277
4300,0.522940
4300,0.513830
4300,0.504356
4300,0.512839
4300,0.507810
4300,0.505852
4300,0.514347
4300,0.511610
4300,0.492501
4300,0.504067
4300,0.529941
4300,0.510065
4300,0.502769
4300,0.510494

4400,0.524855
4400,0.546236
4400,0.535940
4400,0.551899
4400,0.522603
4400,0.536159
4400,0.552148
4400,0.543693
4400,0.529580
4400,0.540616
4400,0.528534
4400,0.549343
4400,0.535169
4400,0.543939
4400,0.543741
4400,0.557549
4400,0.551126
4400,0.543855
4400,0.545609
4400,0.541862
4400,0.558014
4400,0.546359
4400,0.532431
4400,0.571977
4400,0.539754
4400,0.596678
4400,0.548228
4400,0.535827
4400,0.543259
4400,0.556225
4400,0.534709
4400,0.547314
4400,0.541603
4400,0.550987
4400,0.551210
4400,0.571175
4400,0.530149
4400,0.543065
4400,0.534581
4400,0.554970
4400,0.539776
4400,0.539627
4400,0.535978
4400,0.533645
4400,0.550417
4400,0.540520
4400,0.539064
4400,0.541457
4400,0.541497
4400,0.536457

4500,0.557141
4500,0.565905
4500,0.575390
4500,0.576773
4500,0.587706
4500,0.609553
4500,0.598440
4500,0.571505
4500,0.574714
4500,0.617448
4500,0.570482
4500,0.574481
4500,0.604617
4500,0.584689
4500,0.566302
4500,0.555517
4500,0.573141
4500,0.598171
4500,0.574716
4500,0.568618
4500,0.561958
4500,0.566628
4500,0.581158
4500,0.571206
4500,0.568036
4500,0.563788
4500,0.568562
4500,0.567100
4500,0.579327
4500,0.601535
4500,0.600959
4500,0.564874
4500,0.604090
4500,0.583626
4500,0.582110
4500,0.562181
4500,0.575891
4500,0.568386
4500,0.556912
4500,0.577208
4500,0.582506
4500,0.570859
4500,0.577476
4500,0.570422
4500,0.556746
4500,0.577521
4500,0.575346
4500,0.562175
4500,0.561598
4500,0.585965

4600,0.603977
4600,0.603054
4600,0.602223
4600,0.577389
4600,0.599774
4600,0.605972
4600,0.594398
4600,0.590269
4600,0.588857
4600,0.599880
4600,0.608525
4600,0.583773
4600,0.596165
4600,0.595927
4600,0.614335
4600,0.586164
4600,0.606685
4600,0.610122
4600,0.594160
4600,0.596999
4600,0.591728
4600,0.598476
4600,0.629921
4600,0.588150
4600,0.593189
4600,0.596198
4600,0.595597
4600,0.578138
4600,0.620174
4600,0.594164
4600,0.599463
4600,0.601387
4600,0.596908
4600,0.608987
4600,0.595748
4600,0.595893
4600,0.583162
4600,0.637542
4600,0.609299
4600,0.629786
4600,0.594063
4600,0.609171
4600,0.617458
4600,0.588995
4600,0.595315
4600,0.595604
4600,0.608135
4600,0.598447
4600,0.585230
4600,0.625150

4700,0.616548
4700,0.614177
4700,0.616738
4700,0.624268
4700,0.639892
4700,0.635667
4700,0.633335
4700,0.609690
4700,0.625411
4700,0.614601
4700,0.646992
4700,0.639828
4700,0.645281
4700,0.627636
4700,0.629035
4700,0.643684
4700,0.618743
4700,0.641142
4700,0.640155
4700,0.638939
4700,0.633625
4700,0.606210
4700,0.631357
4700,0.623561
4700,0.627309
4700,0.634385
4700,0.614257
4700,0.623844
4700,0.634473
4700,0.616536
4700,0.623254
4700,0.618100
4700,0.620674
4700,0.614016
4700,0.632261
4700,0.626723
4700,0.620055
4700,0.617056
4700,0.622935
4700,0.614560
4700,0.629959
4700,0.636306
4700,0.651262
4700,0.672694
4700,0.644893
4700,0.621264
4700,0.639690
4700,0.618959
4700,0.642314
4700,0.618924

4800,0.654370
4800,0.664150
4800,0.636618
4800,0.649558
4800,0.648356
4800,0.647089
4800,0.671632
4800,0.642034
4800,0.646596
4800,0.650236
4800,0.659068
4800,0.652128
4800,0.627884
4800,0.662913
4800,0.659184
4800,0.664612
4800,0.641156
4800,0.652302
4800,0.653506
4800,0.643342
4800,0.649992
4800,0.635772
4800,0.658526
4800,0.651806
4800,0.641386
4800,0.670964
4800,0.665587
4800,0.639399
4800,0.659878
4800,0.634611
4800,0.657069
4800,0.647898
4800,0.646249
4800,0.640791
4800,0.656583
4800,0.636857
4800,0.654269
4800,0.653815
4800,0.644044
4800,0.647792
4800,0.655402
4800,0.651569
4800,0.650844
4800,0.641613
4800,0.701470
4800,0.677589
4800,0.665321
4800,0.643183
4800,0.657705
4800,0.646032

4900,0.679527
4900,0.682747
4900,0.672672
4900,0.670924
4900,0.670653
4900,0.675280
4900,0.666401
4900,0.681556
4900,0.676399
4900,0.685344
4900,0.675676
4900,0.672399
4900,0.678467
4900,0.687906
4900,0.683448
4900,0.676024
4900,0.670871
4900,0.675880
4900,0.669209
4900,0.669235
4900,0.665464
4900,0.679237
4900,0.683709
4900,0.674973
4900,0.660321
4900,0.671358
4900,0.664609
4900,0.676868
4900,0.695580
4900,0.664777
4900,0.677127
4900,0.686600
4900,0.672877
4900,0.667360
4900,0.677902
4900,0.673379
4900,0.681712
4900,0.674616
4900,0.691621
4900,0.686334
4900,0.685112
4900,0.691488
4900,0.681260
4900,0.707778
4900,0.719595
4900,0.704267
4900,0.682176
4900,0.669722
4900,0.682235
4900,0.682699

5000,0.711262
5000,0.696688
5000,0.687581
5000,0.695698
5000,0.695412
5000,0.692858
5000,0.689275
5000,0.693180
5000,0.686642
5000,0.691560
5000,0.698624
5000,0.700610
5000,0.685245
5000,0.701288
5000,0.722136
5000,0.703438
5000,0.693777
5000,0.702003
5000,0.702712
5000,0.694911
5000,0.705057
5000,0.731562
5000,0.702409
5000,0.697504
5000,0.694785
5000,0.698835
5000,0.702140
5000,0.695612
5000,0.703387
5000,0.714030
5000,0.714751
5000,0.712694
5000,0.699411
5000,0.683750
5000,0.694051
5000,0.705072
5000,0.752458
5000,0.705110
5000,0.702824
5000,0.685989
5000,0.736997
5000,0.709015
5000,0.727138
5000,0.750201
5000,0.716824
5000,0.717209
5000,0.685918
5000,0.686281
5000,0.692998
5000,0.699493


