Thread,Average,Min,Max,Range,Variance
1,0.243494,0.222928,0.261907,0.038979,0.059371
2,0.973884,0.760754,1.197452,0.436698,0.955353
3,0.658738,0.491129,0.776570,0.285441,0.437864
4,0.513160,0.377851,0.630864,0.253013,0.266076
5,0.548119,0.407653,0.635283,0.227630,0.303320
6,0.521952,0.344858,0.705102,0.360244,0.278986
7,0.380039,0.280030,0.477805,0.197775,0.146746
8,0.351842,0.285389,0.464042,0.178653,0.125557
9,0.338252,0.273148,0.412026,0.138878,0.115660
10,0.329296,0.263998,0.415725,0.151727,0.109470
11,0.317853,0.259953,0.378173,0.118220,0.101751
12,0.309295,0.255057,0.378938,0.123881,0.096536
13,0.306807,0.269509,0.353285,0.083776,0.094535
14,0.308206,0.255908,0.375388,0.119480,0.095464
15,0.300241,0.254128,0.353909,0.099781,0.090858
16,0.304012,0.257214,0.384489,0.127275,0.093055
17,0.297313,0.265400,0.342654,0.077254,0.088819
18,0.290528,0.245623,0.338578,0.092955,0.084915
19,0.294916,0.248781,0.401149,0.152368,0.087646
20,0.291672,0.250996,0.346521,0.095525,0.085597
21,0.294261,0.259932,0.331038,0.071106,0.087036
22,0.298195,0.258963,0.362646,0.103683,0.089325
23,0.297835,0.246418,0.326176,0.079758,0.089111
24,0.297140,0.269522,0.329722,0.060200,0.088564
25,0.299642,0.257152,0.341356,0.084204,0.090080
26,0.295447,0.257855,0.353221,0.095366,0.087691
27,0.299709,0.262177,0.350720,0.088543,0.090258
28,0.291219,0.256987,0.334144,0.077157,0.085162
29,0.296347,0.264365,0.332819,0.068454,0.088031
30,0.295295,0.255640,0.336347,0.080707,0.087458
31,0.291948,0.252367,0.322766,0.070399,0.085515
32,0.294950,0.255634,0.335898,0.080264,0.087284
33,0.294220,0.269501,0.321967,0.052466,0.086699
34,0.292899,0.258673,0.323207,0.064534,0.085988
35,0.290679,0.244744,0.329132,0.084388,0.084724
36,0.287355,0.262328,0.316791,0.054463,0.082745
37,0.290369,0.254578,0.319464,0.064886,0.084582
38,0.290405,0.264143,0.317073,0.052930,0.084467
39,0.293820,0.260494,0.320480,0.059986,0.086512
40,0.290227,0.251146,0.318403,0.067257,0.084451
41,0.288150,0.266360,0.314630,0.048270,0.083153
42,0.290408,0.259871,0.316987,0.057116,0.084506
43,0.288812,0.260697,0.309698,0.049001,0.083549
44,0.285171,0.255003,0.310265,0.055262,0.081478
45,0.286182,0.261715,0.310316,0.048601,0.082046
46,0.284493,0.264588,0.311717,0.047129,0.081034
47,0.282849,0.256060,0.306282,0.050222,0.080149
48,0.286743,0.260901,0.306907,0.046006,0.082342
49,0.284892,0.255755,0.310809,0.055054,0.081280
50,0.285349,0.257477,0.311147,0.053670,0.081577
51,0.285074,0.264036,0.313660,0.049624,0.081400
52,0.283974,0.261272,0.310297,0.049025,0.080788
53,0.282858,0.256405,0.305131,0.048726,0.080131
54,0.284215,0.249165,0.305792,0.056627,0.080920
55,0.284077,0.263885,0.318687,0.054802,0.080844
56,0.285783,0.263797,0.315630,0.051833,0.081816
57,0.282391,0.249577,0.307825,0.058248,0.079863
58,0.283926,0.257687,0.318578,0.060891,0.080726
59,0.281052,0.256892,0.308405,0.051513,0.079118
60,0.281091,0.253478,0.315307,0.061829,0.079166
61,0.280136,0.260911,0.304404,0.043493,0.078555
62,0.282287,0.259639,0.304651,0.045012,0.079775
63,0.280064,0.259498,0.312419,0.052921,0.078570
64,0.278017,0.250433,0.308513,0.058080,0.077431
65,0.279253,0.254267,0.308433,0.054166,0.078128
66,0.282536,0.267241,0.304211,0.036970,0.079908
67,0.278836,0.255954,0.301952,0.045998,0.077835
68,0.281782,0.255967,0.301465,0.045498,0.079506
69,0.279122,0.258016,0.301370,0.043354,0.078009
70,0.282079,0.258425,0.310910,0.052485,0.079690
71,0.277937,0.257107,0.298093,0.040986,0.077350
72,0.276873,0.255663,0.298560,0.042897,0.076764
73,0.281678,0.265177,0.301159,0.035982,0.079407
74,0.285309,0.263266,0.313359,0.050093,0.081531
75,0.310302,0.261755,0.429948,0.168193,0.097965
76,0.298942,0.253462,0.346963,0.093501,0.089816
77,0.299275,0.264814,0.365021,0.100207,0.090146
78,0.299973,0.276714,0.355825,0.079111,0.090216
79,0.311774,0.271327,0.366553,0.095226,0.097652
80,0.298904,0.269378,0.332751,0.063373,0.089531
81,0.290248,0.255822,0.322709,0.066887,0.084408
82,0.279982,0.260146,0.309557,0.049411,0.078511
83,0.277736,0.260391,0.306987,0.046596,0.077251
84,0.277144,0.255815,0.319439,0.063624,0.076937
85,0.277256,0.257264,0.305339,0.048075,0.076966
86,0.280487,0.251552,0.307116,0.055564,0.078829
87,0.278980,0.257622,0.309349,0.051727,0.077958
88,0.278443,0.256709,0.303528,0.046819,0.077644
89,0.279107,0.262230,0.309703,0.047473,0.078009
90,0.277292,0.258970,0.301952,0.042982,0.076980
91,0.277435,0.255907,0.307438,0.051531,0.077071
92,0.277542,0.257913,0.294976,0.037063,0.077117
93,0.275384,0.254262,0.302894,0.048632,0.075969
94,0.275741,0.258555,0.305724,0.047169,0.076115
95,0.278374,0.243711,0.307271,0.063560,0.077652
96,0.278506,0.256999,0.300093,0.043094,0.077681
97,0.281998,0.258004,0.310727,0.052723,0.079639
98,0.279351,0.257690,0.307592,0.049902,0.078160
99,0.276707,0.256366,0.303524,0.047158,0.076717
100,0.271550,0.251382,0.294162,0.042780,0.073820
101,0.272180,0.246014,0.299368,0.053354,0.074180
102,0.274100,0.254899,0.292541,0.037642,0.075224
103,0.271081,0.253549,0.287739,0.034190,0.073540
104,0.274181,0.259615,0.306559,0.046944,0.075277
105,0.275408,0.260211,0.289855,0.029644,0.075919
106,0.277913,0.250258,0.310044,0.059786,0.077404
107,0.281222,0.260548,0.302180,0.041632,0.079191
108,0.298559,0.256156,0.489422,0.233266,0.091111
109,0.280054,0.260268,0.324914,0.064646,0.078587
110,0.279404,0.257790,0.305672,0.047882,0.078202
111,0.273390,0.254211,0.298013,0.043802,0.074838
112,0.275584,0.245187,0.304302,0.059115,0.076089
113,0.278146,0.257337,0.303237,0.045900,0.077492
114,0.275308,0.256397,0.306662,0.050265,0.075929
115,0.273835,0.250585,0.314617,0.064032,0.075179
116,0.270452,0.251205,0.293750,0.042545,0.073227
117,0.270246,0.251663,0.294662,0.042999,0.073118
118,0.272164,0.254947,0.289621,0.034674,0.074154
119,0.273647,0.253283,0.308033,0.054750,0.074986
120,0.270410,0.256674,0.290418,0.033744,0.073189
121,0.275839,0.253812,0.301372,0.047560,0.076198
122,0.274113,0.258664,0.300559,0.041895,0.075229
123,0.275851,0.256517,0.302614,0.046097,0.076211
124,0.273413,0.248748,0.300238,0.051490,0.074863
125,0.273270,0.251916,0.314081,0.062165,0.074798
126,0.282330,0.257777,0.310309,0.052532,0.079835
127,0.281550,0.257502,0.316704,0.059202,0.079413
128,0.288984,0.265200,0.322786,0.057586,0.083691
129,0.297015,0.269139,0.326773,0.057634,0.088409
130,0.276178,0.258621,0.306664,0.048043,0.076373
131,0.278545,0.255557,0.297288,0.041731,0.077693
132,0.285564,0.259175,0.338662,0.079487,0.081878
133,0.274060,0.254567,0.307856,0.053289,0.075255
134,0.277222,0.256295,0.319383,0.063088,0.076981
135,0.272734,0.253188,0.294915,0.041727,0.074483
136,0.278118,0.253028,0.310129,0.057101,0.077490
137,0.285553,0.261432,0.325456,0.064024,0.081735
138,0.286033,0.259885,0.325521,0.065636,0.082003
139,0.279553,0.252922,0.302143,0.049221,0.078304
140,0.280960,0.251305,0.330965,0.079660,0.079189
141,0.276720,0.257089,0.308630,0.051541,0.076706
142,0.279461,0.257908,0.306030,0.048122,0.078272
143,0.281628,0.253156,0.340516,0.087360,0.079587
144,0.275731,0.251398,0.320891,0.069493,0.076171
145,0.273557,0.248091,0.297469,0.049378,0.074950
146,0.276484,0.254293,0.304831,0.050538,0.076537
147,0.277892,0.252430,0.305924,0.053494,0.077355
148,0.274023,0.257645,0.293544,0.035899,0.075181
149,0.272826,0.251408,0.309348,0.057940,0.074576
150,0.272428,0.253194,0.316265,0.063071,0.074411
151,0.277516,0.258013,0.306502,0.048489,0.077150
152,0.276341,0.258312,0.312730,0.054418,0.076485
153,0.279782,0.259079,0.310003,0.050924,0.078438
154,0.284240,0.256616,0.322823,0.066207,0.081020
155,0.290777,0.259812,0.330009,0.070197,0.084824
156,0.291383,0.268448,0.320910,0.052462,0.085042
157,0.297567,0.266187,0.358784,0.092597,0.088895
158,0.288477,0.265749,0.320077,0.054328,0.083397
159,0.291194,0.269666,0.340931,0.071265,0.085009
160,0.278397,0.261373,0.306674,0.045301,0.077620
161,0.275559,0.252167,0.293496,0.041329,0.076025
162,0.271268,0.254578,0.291343,0.036765,0.073643
163,0.271989,0.255777,0.290833,0.035056,0.074038
164,0.272355,0.249203,0.293950,0.044747,0.074273
165,0.275900,0.253575,0.304622,0.051047,0.076232
166,0.277407,0.260513,0.319222,0.058709,0.077108
167,0.276504,0.257237,0.293368,0.036131,0.076531
168,0.279596,0.258459,0.317068,0.058609,0.078321
169,0.278392,0.259188,0.300980,0.041792,0.077588
170,0.280788,0.262039,0.296949,0.034910,0.078909
171,0.282102,0.257157,0.313134,0.055977,0.079738
172,0.283570,0.255662,0.320059,0.064397,0.080599
173,0.288508,0.266864,0.320928,0.054064,0.083414
174,0.304629,0.270925,0.352741,0.081816,0.093058
175,0.309650,0.275757,0.353116,0.077359,0.096185
176,0.282038,0.259612,0.336904,0.077292,0.079909
177,0.275284,0.255600,0.307223,0.051623,0.075908
178,0.276827,0.253722,0.301515,0.047793,0.076765
179,0.292529,0.263023,0.332700,0.069677,0.085784
180,0.296918,0.265587,0.323787,0.058200,0.088390
181,0.284015,0.252380,0.328270,0.075890,0.081013
182,0.272142,0.250721,0.289507,0.038786,0.074117
183,0.272976,0.253647,0.310806,0.057159,0.074645
184,0.272613,0.258526,0.302078,0.043552,0.074425
185,0.278345,0.255211,0.305719,0.050508,0.077612
186,0.284912,0.259001,0.345747,0.086746,0.081383
187,0.280674,0.257620,0.331861,0.074241,0.078946
188,0.274159,0.256828,0.301171,0.044343,0.075244
189,0.275877,0.253493,0.307032,0.053539,0.076227
190,0.276709,0.256511,0.300356,0.043845,0.076641
191,0.279328,0.256999,0.306966,0.049967,0.078148
192,0.276597,0.254835,0.308202,0.053367,0.076625
193,0.274342,0.253753,0.294384,0.040631,0.075347
194,0.277462,0.257926,0.301282,0.043356,0.077078
195,0.275441,0.255793,0.302797,0.047004,0.075951
196,0.276032,0.255868,0.315378,0.059510,0.076320
197,0.282061,0.258784,0.322461,0.063677,0.079759
198,0.278587,0.259244,0.300997,0.041753,0.077704
199,0.283024,0.256089,0.303946,0.047857,0.080198
200,0.283434,0.257239,0.339901,0.082662,0.080518
201,0.282896,0.264378,0.310692,0.046314,0.080173
202,0.284144,0.261835,0.320479,0.058644,0.080909
203,0.274436,0.258618,0.291574,0.032956,0.075380
204,0.277295,0.259430,0.300319,0.040889,0.076969
205,0.276734,0.253718,0.323087,0.069369,0.076726
206,0.277993,0.258953,0.295808,0.036855,0.077367
207,0.285944,0.255032,0.322133,0.067101,0.081975
208,0.289510,0.257256,0.314574,0.057318,0.083949
209,0.279153,0.258167,0.311497,0.053330,0.078055
210,0.277710,0.254802,0.309864,0.055062,0.077210
211,0.277201,0.259976,0.298495,0.038519,0.076937
212,0.282668,0.265718,0.309353,0.043635,0.080027
213,0.277886,0.256992,0.314727,0.057735,0.077362
214,0.276369,0.250550,0.294610,0.044060,0.076452
215,0.278230,0.255626,0.313894,0.058268,0.077531
216,0.281215,0.260844,0.319816,0.058972,0.079229
217,0.281258,0.259753,0.317233,0.057480,0.079273
218,0.289480,0.256863,0.337903,0.081040,0.084137
219,0.274425,0.259729,0.295532,0.035803,0.075395
220,0.273450,0.255371,0.296670,0.041299,0.074836
221,0.277593,0.259571,0.294385,0.034814,0.077140
222,0.276628,0.255823,0.322858,0.067035,0.076686
223,0.272276,0.255791,0.287821,0.032030,0.074196
224,0.276991,0.257043,0.297891,0.040848,0.076807
225,0.275832,0.258311,0.295196,0.036885,0.076156
226,0.280013,0.257132,0.312140,0.055008,0.078553
227,0.279399,0.253469,0.297384,0.043915,0.078171
228,0.288583,0.265012,0.319602,0.054590,0.083431
229,0.281397,0.258344,0.321264,0.062920,0.079398
230,0.280709,0.245213,0.339146,0.093933,0.079044
231,0.275613,0.254571,0.296245,0.041674,0.076049
232,0.276945,0.262688,0.293232,0.030544,0.076746
233,0.288643,0.263179,0.336996,0.073817,0.083581
234,0.296389,0.269319,0.364732,0.095413,0.088118
235,0.281605,0.263764,0.305605,0.041841,0.079390
236,0.280402,0.260952,0.307845,0.046893,0.078772
237,0.280743,0.262380,0.303941,0.041561,0.078923
238,0.281985,0.262578,0.315464,0.052886,0.079633
239,0.290739,0.263613,0.343059,0.079446,0.084910
240,0.285984,0.264485,0.344328,0.079843,0.082001
241,0.281836,0.261067,0.296623,0.035556,0.079510
242,0.285316,0.263982,0.317250,0.053268,0.081527
243,0.289658,0.261445,0.378660,0.117215,0.084257
244,0.299709,0.271135,0.337105,0.065970,0.090078
245,0.295325,0.268492,0.332657,0.064165,0.087399
246,0.289408,0.268011,0.323672,0.055661,0.083888
247,0.292575,0.266084,0.372841,0.106757,0.085907
248,0.291378,0.271931,0.317626,0.045695,0.085009
249,0.287380,0.265557,0.351392,0.085835,0.082876
250,0.293365,0.266775,0.327139,0.060364,0.086297
251,0.292456,0.269006,0.324927,0.055921,0.085699
252,0.284669,0.261593,0.318123,0.056530,0.081175
253,0.281300,0.262898,0.309742,0.046844,0.079250
254,0.289449,0.266549,0.320210,0.053661,0.083964
255,0.294066,0.267601,0.334991,0.067390,0.086655
256,0.292717,0.261421,0.322729,0.061308,0.085848
257,0.286013,0.265021,0.328198,0.063177,0.082019
258,0.279856,0.262809,0.299506,0.036697,0.078412
259,0.283598,0.262365,0.348395,0.086030,0.080785
260,0.280586,0.265991,0.296183,0.030192,0.078805
261,0.281035,0.257418,0.308233,0.050815,0.079110
262,0.284916,0.264940,0.314182,0.049242,0.081329
263,0.284845,0.259658,0.317563,0.057905,0.081304
264,0.290655,0.268973,0.327529,0.058556,0.084708
265,0.283331,0.259430,0.319446,0.060016,0.080440
266,0.281077,0.265935,0.299265,0.033330,0.079071
267,0.282105,0.261498,0.310483,0.048985,0.079727
268,0.285762,0.267392,0.330370,0.062978,0.081830
269,0.281691,0.258925,0.304838,0.045913,0.079456
270,0.280047,0.264729,0.303443,0.038714,0.078501
271,0.277508,0.258236,0.294426,0.036190,0.077080
272,0.286588,0.263523,0.345305,0.081782,0.082373
273,0.288403,0.265168,0.332357,0.067189,0.083395
274,0.286648,0.263035,0.319352,0.056317,0.082312
275,0.290390,0.268803,0.343099,0.074296,0.084592
276,0.299909,0.270836,0.331845,0.061009,0.090165
277,0.298740,0.267425,0.358644,0.091219,0.089559
278,0.289870,0.263722,0.311760,0.048038,0.084202
279,0.282792,0.261679,0.305110,0.043431,0.080063
280,0.280490,0.261188,0.318421,0.057233,0.078782
281,0.281660,0.262211,0.309618,0.047407,0.079435
282,0.284486,0.265091,0.316492,0.051401,0.081053
283,0.286476,0.260911,0.308427,0.047516,0.082178
284,0.288917,0.269668,0.329772,0.060104,0.083639
285,0.290866,0.264575,0.353339,0.088764,0.084912
286,0.311985,0.268078,0.373154,0.105076,0.098045
287,0.314756,0.288146,0.368853,0.080707,0.099319
288,0.317300,0.288239,0.358943,0.070704,0.100963
289,0.323986,0.294790,0.379755,0.084965,0.105377
290,0.315833,0.292035,0.369809,0.077774,0.100009
291,0.308149,0.264147,0.366483,0.102336,0.095419
292,0.288083,0.263776,0.335352,0.071576,0.083187
293,0.284821,0.264604,0.319036,0.054432,0.081248
294,0.282772,0.260793,0.314314,0.053521,0.080057
295,0.283749,0.266673,0.315848,0.049175,0.080634
296,0.285071,0.263440,0.341260,0.077820,0.081439
297,0.285018,0.253687,0.317691,0.064004,0.081384
298,0.282824,0.258724,0.299777,0.041053,0.080077
299,0.282990,0.259672,0.305985,0.046313,0.080200
300,0.283840,0.260327,0.305113,0.044786,0.080646
301,0.285083,0.268339,0.318862,0.050523,0.081373
302,0.293610,0.271045,0.341391,0.070346,0.086396
303,0.291561,0.269520,0.336379,0.066859,0.085275
304,0.298942,0.267822,0.334421,0.066599,0.089657
305,0.294022,0.269711,0.332314,0.062603,0.086634
306,0.294861,0.271549,0.345986,0.074437,0.087210
307,0.294566,0.271988,0.329038,0.057050,0.086933
308,0.287644,0.266925,0.326265,0.059340,0.082865
309,0.296443,0.269635,0.349220,0.079585,0.088187
310,0.298714,0.271202,0.370567,0.099365,0.089565
311,0.289380,0.266476,0.316390,0.049914,0.083857
312,0.291943,0.268308,0.323864,0.055556,0.085381
313,0.292523,0.269186,0.318147,0.048961,0.085742
314,0.289288,0.262474,0.310469,0.047995,0.083801
315,0.289815,0.270943,0.313675,0.042732,0.084105
316,0.289401,0.268388,0.313035,0.044647,0.083883
317,0.287902,0.269172,0.335167,0.065995,0.083077
318,0.287172,0.266059,0.320196,0.054137,0.082587
319,0.287199,0.265308,0.318458,0.053150,0.082618
320,0.287631,0.258756,0.320060,0.061304,0.082871
321,0.286748,0.267225,0.313307,0.046082,0.082354
322,0.290246,0.262128,0.322953,0.060825,0.084376
323,0.297889,0.275721,0.332995,0.057274,0.088907
324,0.295068,0.271173,0.333791,0.062618,0.087251
325,0.288772,0.259806,0.324595,0.064789,0.083549
326,0.289532,0.263005,0.319691,0.056686,0.083973
327,0.289531,0.267940,0.335403,0.067463,0.084007
328,0.286795,0.265186,0.312194,0.047008,0.082342
329,0.288535,0.270764,0.318977,0.048213,0.083356
330,0.292019,0.263017,0.333205,0.070188,0.085461
331,0.293574,0.270006,0.325829,0.055823,0.086333
332,0.303685,0.278440,0.372419,0.093979,0.092578
333,0.312505,0.270175,0.363003,0.092828,0.098038
334,0.297328,0.274030,0.319339,0.045309,0.088489
335,0.295018,0.269828,0.315834,0.046006,0.087171
336,0.292246,0.272708,0.319606,0.046898,0.085520
337,0.288623,0.264075,0.320226,0.056151,0.083404
338,0.287158,0.269465,0.306323,0.036858,0.082529
339,0.285771,0.265728,0.319826,0.054098,0.081775
340,0.287339,0.262254,0.318747,0.056493,0.082712
341,0.288453,0.266242,0.315425,0.049183,0.083285
342,0.289535,0.271755,0.310888,0.039133,0.083899
343,0.292042,0.269743,0.341315,0.071572,0.085473
344,0.294835,0.270955,0.336217,0.065262,0.087101
345,0.293874,0.271029,0.325142,0.054113,0.086455
346,0.296648,0.274601,0.327160,0.052559,0.088118
347,0.297052,0.274864,0.321367,0.046503,0.088373
348,0.297357,0.278450,0.328243,0.049793,0.088535
349,0.299864,0.274703,0.326847,0.052144,0.090058
350,0.315750,0.282586,0.413819,0.131233,0.100621
351,0.304047,0.274157,0.384949,0.110792,0.093026
352,0.290954,0.268176,0.339199,0.071023,0.084820
353,0.287796,0.269019,0.318648,0.049629,0.082947
354,0.304523,0.273424,0.376797,0.103373,0.093255
355,0.347671,0.284358,0.517467,0.233109,0.123275
356,0.383315,0.345589,0.476707,0.131118,0.147813
357,0.368184,0.334866,0.405836,0.070970,0.135845
358,0.377885,0.340982,0.420570,0.079588,0.143039
359,0.367857,0.331255,0.403149,0.071894,0.135546
360,0.372575,0.324992,0.418521,0.093529,0.139376
361,0.373233,0.330018,0.416115,0.086097,0.139730
362,0.371910,0.340947,0.408803,0.067856,0.138582
363,0.374532,0.338676,0.415975,0.077299,0.140674
364,0.372889,0.330941,0.417168,0.086227,0.139448
365,0.382331,0.336795,0.438377,0.101582,0.146632
366,0.369232,0.344870,0.415036,0.070166,0.136600
367,0.374685,0.338797,0.415823,0.077026,0.140739
368,0.376786,0.342317,0.421276,0.078959,0.142362
369,0.371614,0.340004,0.421464,0.081460,0.138463
370,0.379842,0.335325,0.418049,0.082724,0.144671
371,0.375568,0.339535,0.425312,0.085777,0.141358
372,0.376854,0.341066,0.424549,0.083483,0.142400
373,0.388912,0.348214,0.438953,0.090739,0.151618
374,0.387188,0.346612,0.431818,0.085206,0.150317
375,0.390577,0.339505,0.433083,0.093578,0.152894
376,0.384787,0.332735,0.446304,0.113569,0.148729
377,0.373394,0.341450,0.424391,0.082941,0.139794
378,0.379474,0.339970,0.430059,0.090089,0.144354
379,0.375969,0.340012,0.428205,0.088193,0.141673
380,0.374157,0.342770,0.417360,0.074590,0.140255
381,0.383705,0.344142,0.422405,0.078263,0.147528
382,0.375843,0.338229,0.410491,0.072262,0.141539
383,0.380752,0.337433,0.431315,0.093882,0.145526
384,0.379171,0.344121,0.432947,0.088826,0.144083
385,0.382258,0.343917,0.424667,0.080750,0.146410
386,0.385068,0.348942,0.436674,0.087732,0.148632
387,0.377098,0.331493,0.422080,0.090587,0.142503
388,0.387717,0.345946,0.447614,0.101668,0.150781
389,0.391354,0.353680,0.467444,0.113764,0.153737
390,0.383299,0.344837,0.431944,0.087107,0.147225
391,0.388163,0.320567,0.419832,0.099265,0.151093
392,0.382462,0.329357,0.433841,0.104484,0.146751
393,0.385406,0.335490,0.445971,0.110481,0.149026
394,0.383737,0.344481,0.416478,0.071997,0.147571
395,0.379251,0.334782,0.428389,0.093607,0.144325
396,0.382791,0.338383,0.424768,0.086385,0.146877
397,0.378360,0.339557,0.440051,0.100494,0.143545
398,0.377770,0.343700,0.414112,0.070412,0.143011
399,0.387195,0.340896,0.434311,0.093415,0.150301
400,0.386090,0.341105,0.426784,0.085679,0.149497
401,0.379418,0.321339,0.438761,0.117422,0.144350
402,0.391384,0.326263,0.463439,0.137176,0.153871
403,0.395844,0.356729,0.436490,0.079761,0.157056
404,0.393975,0.348290,0.436469,0.088179,0.155656
405,0.380756,0.331431,0.429162,0.097731,0.145398
406,0.382560,0.339124,0.428686,0.089562,0.146854
407,0.379062,0.334979,0.422835,0.087856,0.144095
408,0.384540,0.341318,0.432092,0.090774,0.148368
409,0.382580,0.339845,0.436245,0.096400,0.146808
410,0.380114,0.325082,0.441716,0.116634,0.145027
411,0.381473,0.343838,0.447847,0.104009,0.145955
412,0.388619,0.349687,0.441028,0.091341,0.151439
413,0.386118,0.349703,0.438513,0.088810,0.149477
414,0.388596,0.348698,0.433199,0.084501,0.151403
415,0.381801,0.335523,0.439334,0.103811,0.146173
416,0.381376,0.338909,0.430464,0.091555,0.145956
417,0.382228,0.341612,0.421081,0.079469,0.146507
418,0.385791,0.336060,0.421839,0.085779,0.149174
419,0.381113,0.333715,0.458700,0.124985,0.145706
420,0.380496,0.343963,0.430960,0.086997,0.145157
421,0.383295,0.349437,0.426168,0.076731,0.147231
422,0.386332,0.344192,0.433995,0.089803,0.149717
423,0.380305,0.339800,0.429675,0.089875,0.145067
424,0.378224,0.340148,0.445119,0.104971,0.143498
425,0.390380,0.344250,0.430815,0.086565,0.152883
426,0.385875,0.338534,0.437043,0.098509,0.149331
427,0.390948,0.352801,0.432714,0.079913,0.153196
428,0.396731,0.348242,0.450676,0.102434,0.157951
429,0.388082,0.343676,0.424760,0.081084,0.151020
430,0.383610,0.334388,0.439083,0.104695,0.147609
431,0.392966,0.348386,0.433412,0.085026,0.154859
432,0.384203,0.334180,0.428434,0.094254,0.148068
433,0.404017,0.359710,0.466213,0.106503,0.163897
434,0.406954,0.358839,0.471912,0.113073,0.166222
435,0.395945,0.359308,0.435357,0.076049,0.157091
436,0.387773,0.342873,0.449404,0.106531,0.150925
437,0.403361,0.362865,0.458823,0.095958,0.163214
438,0.386832,0.350755,0.442136,0.091381,0.150054
439,0.391352,0.343533,0.465948,0.122415,0.153757
440,0.394490,0.352825,0.459721,0.106896,0.156066
441,0.392967,0.351422,0.445864,0.094442,0.154795
442,0.400539,0.363574,0.450275,0.086701,0.160992
443,0.386407,0.340106,0.427192,0.087086,0.149698
444,0.388085,0.345777,0.446205,0.100428,0.151015
445,0.393043,0.347118,0.448998,0.101880,0.155017
446,0.399631,0.361052,0.443199,0.082147,0.160041
447,0.399701,0.357852,0.446580,0.088728,0.160231
448,0.387911,0.332420,0.441623,0.109203,0.151012
449,0.390695,0.346740,0.434802,0.088062,0.153082
450,0.391741,0.355296,0.432714,0.077418,0.153764
451,0.395191,0.362107,0.470104,0.107997,0.156692
452,0.393074,0.363691,0.464940,0.101249,0.154993
453,0.392635,0.353794,0.432607,0.078813,0.154498
454,0.392963,0.342381,0.446866,0.104485,0.154793
455,0.397323,0.346991,0.461735,0.114744,0.158463
456,0.398965,0.349829,0.438153,0.088324,0.159610
457,0.389717,0.344997,0.454633,0.109636,0.152350
458,0.394433,0.355462,0.441165,0.085703,0.155987
459,0.396641,0.339349,0.438442,0.099093,0.157716
460,0.396205,0.350000,0.433567,0.083567,0.157361
461,0.393388,0.357135,0.440483,0.083348,0.155130
462,0.392389,0.337616,0.461347,0.123731,0.154597
463,0.394857,0.349061,0.472777,0.123716,0.156538
464,0.394605,0.353007,0.453034,0.100027,0.156106
465,0.395329,0.351003,0.489113,0.138110,0.156908
466,0.395587,0.351345,0.432824,0.081479,0.156923
467,0.394713,0.351152,0.430798,0.079646,0.156145
468,0.404368,0.352164,0.518511,0.166347,0.164561
469,0.435474,0.354927,0.650784,0.295857,0.193852
470,0.406291,0.356255,0.490104,0.133849,0.165827
471,0.392754,0.339371,0.458139,0.118768,0.154958
472,0.395442,0.351677,0.442134,0.090457,0.156839
473,0.395230,0.341791,0.428032,0.086241,0.156632
474,0.392507,0.350853,0.444820,0.093967,0.154489
475,0.391386,0.340364,0.433683,0.093319,0.153731
476,0.403086,0.337599,0.444958,0.107359,0.162994
477,0.405164,0.357317,0.448707,0.091390,0.164599
478,0.398946,0.353040,0.458738,0.105698,0.159585
479,0.398389,0.356964,0.444573,0.087609,0.159158
480,0.404046,0.351290,0.460747,0.109457,0.163772
481,0.393601,0.350823,0.434461,0.083638,0.155309
482,0.395244,0.345378,0.439677,0.094299,0.156640
483,0.392570,0.344655,0.462481,0.117826,0.154669
484,0.392856,0.353595,0.433739,0.080144,0.154661
485,0.395126,0.352343,0.440637,0.088294,0.156557
486,0.396018,0.356217,0.453853,0.097636,0.157254
487,0.397197,0.355716,0.442430,0.086714,0.158194
488,0.399869,0.354288,0.443953,0.089665,0.160240
489,0.399121,0.366820,0.440550,0.073730,0.159553
490,0.398661,0.356984,0.452031,0.095047,0.159442
491,0.395045,0.357442,0.451842,0.094400,0.156492
492,0.399942,0.354648,0.457053,0.102405,0.160431
493,0.394817,0.364621,0.437554,0.072933,0.156256
494,0.398414,0.353602,0.449626,0.096024,0.159147
495,0.396519,0.333947,0.443605,0.109658,0.157634
496,0.401707,0.348956,0.463189,0.114233,0.162014
497,0.404035,0.349870,0.461055,0.111185,0.163809
498,0.403264,0.366488,0.456769,0.090281,0.163093
499,0.409352,0.372591,0.475242,0.102651,0.168000
500,0.402248,0.369095,0.444287,0.075192,0.162120
501,0.403360,0.335581,0.471255,0.135674,0.163154
502,0.398247,0.343237,0.444187,0.100950,0.159120
503,0.402728,0.357217,0.441187,0.083970,0.162532
504,0.398725,0.351191,0.444531,0.093340,0.159383
505,0.398877,0.350879,0.439980,0.089101,0.159525
506,0.403964,0.348008,0.460697,0.112689,0.163757
507,0.397903,0.347848,0.439501,0.091653,0.158809
508,0.403441,0.355586,0.449798,0.094212,0.163204
509,0.396558,0.353173,0.464140,0.110967,0.157914
510,0.396241,0.347173,0.448333,0.101160,0.157577
511,0.401535,0.354232,0.464701,0.110469,0.161818
512,0.403540,0.370405,0.464587,0.094182,0.163311
513,0.405165,0.364540,0.444504,0.079964,0.164577
514,0.394210,0.354377,0.437267,0.082890,0.155764
515,0.405691,0.353611,0.450732,0.097121,0.165139
516,0.402639,0.343717,0.469059,0.125342,0.162813
517,0.400822,0.356565,0.458891,0.102326,0.161152
518,0.404217,0.361173,0.462562,0.101389,0.163979
519,0.404253,0.361564,0.446111,0.084547,0.163858
520,0.405479,0.360614,0.461346,0.100732,0.164953
521,0.406337,0.368396,0.469561,0.101165,0.165632
522,0.402041,0.352805,0.446373,0.093568,0.162176
523,0.406483,0.341901,0.450178,0.108277,0.165799
524,0.408214,0.330740,0.447949,0.117209,0.167157
525,0.405323,0.348645,0.449840,0.101195,0.164809
526,0.415020,0.356347,0.464137,0.107790,0.172884
527,0.436434,0.391168,0.526816,0.135648,0.191300
528,0.416687,0.369328,0.485311,0.115983,0.174297
529,0.409914,0.368791,0.457734,0.088943,0.168592
530,0.411843,0.337332,0.486189,0.148857,0.170415
531,0.405651,0.356533,0.471119,0.114586,0.165140
532,0.408826,0.358920,0.449987,0.091067,0.167549
533,0.402808,0.365783,0.463926,0.098143,0.162661
534,0.407368,0.369954,0.456554,0.086600,0.166425
535,0.404909,0.364436,0.457242,0.092806,0.164347
536,0.406582,0.360589,0.460630,0.100041,0.165662
537,0.411346,0.366940,0.452663,0.085723,0.169615
538,0.402135,0.371233,0.476223,0.104990,0.162114
539,0.407054,0.356363,0.474747,0.118384,0.166130
540,0.401996,0.361613,0.440912,0.079299,0.162066
541,0.411408,0.363044,0.468010,0.104966,0.169815
542,0.405239,0.355699,0.451872,0.096173,0.164735
543,0.403007,0.357814,0.453482,0.095668,0.162801
544,0.406017,0.357024,0.457668,0.100644,0.165257
545,0.408433,0.361346,0.458786,0.097440,0.167307
546,0.408402,0.359322,0.454824,0.095502,0.167242
547,0.417749,0.380394,0.466922,0.086528,0.174946
548,0.411010,0.358338,0.457261,0.098923,0.169472
549,0.413647,0.367537,0.458775,0.091238,0.171595
550,0.412533,0.377490,0.445781,0.068291,0.170515
551,0.408598,0.351367,0.450063,0.098696,0.167469
552,0.409985,0.360199,0.453414,0.093215,0.168390
553,0.415214,0.356952,0.464313,0.107361,0.172995
554,0.415234,0.354427,0.463566,0.109139,0.173000
555,0.415897,0.360286,0.478996,0.118710,0.173675
556,0.417156,0.379615,0.464407,0.084792,0.174453
557,0.420462,0.383566,0.493535,0.109969,0.177382
558,0.412702,0.349879,0.474254,0.124375,0.171184
559,0.410102,0.366624,0.486463,0.119839,0.168819
560,0.409880,0.362911,0.457949,0.095038,0.168777
561,0.404812,0.351466,0.450432,0.098966,0.164340
562,0.408465,0.368658,0.462845,0.094187,0.167280
563,0.412376,0.361107,0.466359,0.105252,0.170643
564,0.408276,0.370235,0.485040,0.114805,0.167232
565,0.411567,0.354663,0.469277,0.114614,0.170007
566,0.414029,0.380627,0.464249,0.083622,0.171801
567,0.415588,0.359632,0.465623,0.105991,0.173403
568,0.414990,0.380068,0.471644,0.091576,0.172625
569,0.411556,0.361364,0.455454,0.094090,0.169832
570,0.406602,0.362451,0.454278,0.091827,0.165735
571,0.414060,0.371832,0.462268,0.090436,0.171963
572,0.413904,0.370841,0.461032,0.090191,0.171783
573,0.411686,0.347902,0.461839,0.113937,0.170017
574,0.417343,0.362386,0.478202,0.115816,0.174746
575,0.418166,0.372745,0.457433,0.084688,0.175227
576,0.416939,0.368568,0.466172,0.097604,0.174471
577,0.415583,0.360614,0.459821,0.099207,0.173291
578,0.422250,0.371170,0.461168,0.089998,0.178826
579,0.417958,0.373694,0.466738,0.093044,0.175266
580,0.418258,0.367670,0.477966,0.110296,0.175538
581,0.413565,0.375619,0.461507,0.085888,0.171369
582,0.414077,0.372771,0.462193,0.089422,0.171839
583,0.414912,0.383210,0.471144,0.087934,0.172538
584,0.421011,0.379547,0.471084,0.091537,0.177816
585,0.419677,0.380978,0.471286,0.090308,0.176624
586,0.419455,0.370604,0.459332,0.088728,0.176460
587,0.411190,0.347714,0.466181,0.118467,0.169924
588,0.411755,0.354726,0.471486,0.116760,0.170113
589,0.413101,0.354775,0.475568,0.120793,0.171311
590,0.417001,0.375495,0.463268,0.087773,0.174351
591,0.424734,0.379066,0.475772,0.096706,0.180812
592,0.428632,0.383388,0.489170,0.105782,0.184314
593,0.417678,0.373801,0.457534,0.083733,0.174860
594,0.425946,0.368793,0.483470,0.114677,0.182167
595,0.425851,0.372570,0.508118,0.135548,0.181961
596,0.417100,0.368899,0.480299,0.111400,0.174507
597,0.419389,0.366882,0.517195,0.150313,0.176631
598,0.422970,0.378909,0.488299,0.109390,0.179298
599,0.415482,0.376203,0.481933,0.105730,0.173102
600,0.418326,0.356705,0.463775,0.107070,0.175650
601,0.411181,0.367186,0.456694,0.089508,0.169467
602,0.417161,0.374729,0.464868,0.090139,0.174440
603,0.425413,0.368597,0.462795,0.094198,0.181384
604,0.426321,0.369469,0.480746,0.111277,0.182403
605,0.419253,0.359148,0.481633,0.122485,0.176526
606,0.423813,0.378192,0.460211,0.082019,0.180171
607,0.417848,0.368236,0.457568,0.089332,0.174992
608,0.411678,0.361426,0.447062,0.085636,0.169829
609,0.422171,0.382731,0.468175,0.085444,0.178695
610,0.418652,0.357315,0.478088,0.120773,0.175746
611,0.423829,0.378253,0.477616,0.099363,0.180203
612,0.421704,0.370144,0.474869,0.104725,0.178275
613,0.431465,0.382678,0.475446,0.092768,0.186567
614,0.434836,0.377969,0.486204,0.108235,0.189658
615,0.424262,0.374123,0.484070,0.109947,0.180555
616,0.424813,0.392504,0.472060,0.079556,0.180901
617,0.419086,0.377075,0.459206,0.082131,0.176015
618,0.427721,0.387352,0.474113,0.086761,0.183333
619,0.430317,0.382112,0.480125,0.098013,0.185792
620,0.428073,0.364721,0.479230,0.114509,0.184020
621,0.420537,0.379177,0.472725,0.093548,0.177410
622,0.423818,0.375583,0.482091,0.106508,0.180250
623,0.419655,0.367545,0.485634,0.118089,0.176834
624,0.424440,0.368986,0.479267,0.110281,0.180923
625,0.423206,0.369438,0.472750,0.103312,0.179626
626,0.421184,0.361792,0.469347,0.107555,0.177947
627,0.420127,0.376409,0.467715,0.091306,0.176926
628,0.420168,0.379517,0.454802,0.075285,0.176872
629,0.418644,0.379066,0.492424,0.113358,0.175803
630,0.423259,0.372921,0.514465,0.141544,0.179854
631,0.435933,0.387132,0.497242,0.110110,0.190633
632,0.420905,0.373804,0.476896,0.103092,0.177762
633,0.421903,0.362354,0.475027,0.112673,0.178634
634,0.435540,0.388756,0.526034,0.137278,0.190566
635,0.453656,0.393658,0.518584,0.124926,0.206505
636,0.435825,0.382673,0.508695,0.126022,0.190644
637,0.429317,0.373634,0.482725,0.109091,0.185020
638,0.431513,0.378416,0.486172,0.107756,0.186606
639,0.422081,0.378344,0.482156,0.103812,0.178548
640,0.442204,0.395263,0.482587,0.087324,0.196051
641,0.423641,0.365697,0.496640,0.130943,0.180041
642,0.438361,0.393779,0.511291,0.117512,0.192886
643,0.423020,0.370678,0.472359,0.101681,0.179388
644,0.429875,0.392865,0.475096,0.082231,0.185238
645,0.422762,0.374406,0.480163,0.105757,0.179340
646,0.424281,0.380442,0.463801,0.083359,0.180457
647,0.422299,0.373749,0.480205,0.106456,0.178924
648,0.421309,0.373477,0.475534,0.102057,0.178070
649,0.419845,0.352601,0.477769,0.125168,0.177102
650,0.423541,0.388034,0.488018,0.099984,0.180035
651,0.432325,0.378455,0.501736,0.123281,0.187659
652,0.428141,0.384853,0.499684,0.114831,0.183981
653,0.433008,0.382540,0.503603,0.121063,0.188115
654,0.435632,0.387151,0.492915,0.105764,0.190364
655,0.428675,0.385430,0.487538,0.102108,0.184413
656,0.429480,0.382410,0.477172,0.094762,0.184948
657,0.439970,0.396739,0.505087,0.108348,0.194228
658,0.470900,0.416916,0.513441,0.096525,0.222203
659,0.457854,0.406533,0.497688,0.091155,0.210274
660,0.427284,0.370609,0.474696,0.104087,0.183093
661,0.434847,0.369466,0.482947,0.113481,0.189727
662,0.429540,0.379310,0.481753,0.102443,0.185036
663,0.428728,0.378812,0.483043,0.104231,0.184351
664,0.355469,0.311664,0.429052,0.117388,0.126718
665,0.352029,0.321413,0.399448,0.078035,0.124154
666,0.344518,0.314007,0.376059,0.062052,0.118953
667,0.348608,0.324983,0.533641,0.208658,0.122346
668,0.344136,0.322766,0.373731,0.050965,0.118575
669,0.347875,0.315538,0.370266,0.054728,0.121198
670,0.350248,0.323749,0.389201,0.065452,0.122917
671,0.348771,0.316294,0.378564,0.062270,0.121824
672,0.352981,0.330033,0.380107,0.050074,0.124720
673,0.352431,0.326636,0.400205,0.073569,0.124426
674,0.345271,0.321501,0.384292,0.062791,0.119426
675,0.346446,0.305994,0.378267,0.072273,0.120228
676,0.347483,0.314805,0.385188,0.070383,0.120925
677,0.342372,0.320685,0.366056,0.045371,0.117338
678,0.347472,0.317505,0.399636,0.082131,0.120990
679,0.348801,0.321714,0.375039,0.053325,0.121814
680,0.348316,0.317703,0.385836,0.068133,0.121541
681,0.347075,0.318989,0.382118,0.063129,0.120689
682,0.347871,0.320762,0.378182,0.057420,0.121179
683,0.346934,0.318489,0.386152,0.067663,0.120575
684,0.353190,0.314046,0.386641,0.072595,0.124959
685,0.349393,0.324478,0.375276,0.050798,0.122200
686,0.346804,0.299693,0.403163,0.103470,0.120640
687,0.347898,0.307933,0.378449,0.070516,0.121311
688,0.353004,0.315908,0.395254,0.079346,0.124848
689,0.350514,0.325341,0.378383,0.053042,0.123035
690,0.350661,0.311968,0.385515,0.073547,0.123247
691,0.346944,0.306662,0.378585,0.071923,0.120552
692,0.353158,0.313588,0.386983,0.073395,0.124972
693,0.350263,0.322787,0.375797,0.053010,0.122856
694,0.348388,0.322940,0.392492,0.069552,0.121566
695,0.354491,0.333184,0.388953,0.055769,0.125817
696,0.354300,0.324569,0.385543,0.060974,0.125770
697,0.353245,0.317569,0.389077,0.071508,0.125043
698,0.351506,0.326134,0.384520,0.058386,0.123762
699,0.357062,0.329671,0.388719,0.059048,0.127699
700,0.353488,0.330319,0.383963,0.053644,0.125104
701,0.357990,0.325291,0.388886,0.063595,0.128348
702,0.351931,0.296694,0.383917,0.087223,0.124099
703,0.353843,0.323628,0.382897,0.059269,0.125397
704,0.354635,0.322745,0.385696,0.062951,0.125989
705,0.357569,0.325390,0.398324,0.072934,0.128168
706,0.351376,0.302592,0.406318,0.103726,0.123738
707,0.352440,0.330083,0.385918,0.055835,0.124371
708,0.354039,0.325715,0.396429,0.070714,0.125543
709,0.359181,0.326273,0.398977,0.072704,0.129231
710,0.360435,0.329972,0.386681,0.056709,0.130084
711,0.354966,0.324518,0.406368,0.081850,0.126213
712,0.355344,0.321926,0.387777,0.065851,0.126495
713,0.353199,0.309687,0.408622,0.098935,0.125056
714,0.354119,0.311223,0.389153,0.077930,0.125640
715,0.359092,0.321110,0.400443,0.079333,0.129226
716,0.356118,0.327625,0.383983,0.056358,0.127008
717,0.355267,0.327543,0.380462,0.052919,0.126421
718,0.358686,0.325998,0.383727,0.057729,0.128830
719,0.360974,0.320987,0.403790,0.082803,0.130659
720,0.356629,0.324771,0.390248,0.065477,0.127375
721,0.356141,0.316701,0.390456,0.073755,0.127102
722,0.354789,0.321071,0.392222,0.071151,0.126075
723,0.359002,0.333401,0.395941,0.062540,0.129104
724,0.352399,0.328743,0.377965,0.049222,0.124341
725,0.359697,0.327811,0.401787,0.073976,0.129597
726,0.355852,0.322829,0.409609,0.086780,0.126821
727,0.356405,0.332325,0.380369,0.048044,0.127160
728,0.358954,0.331458,0.397612,0.066154,0.129067
729,0.355757,0.335331,0.381990,0.046659,0.126707
730,0.354288,0.320973,0.384882,0.063909,0.125745
731,0.358272,0.321952,0.387533,0.065581,0.128598
732,0.351946,0.323727,0.395097,0.071370,0.124102
733,0.353516,0.315885,0.386176,0.070291,0.125210
734,0.354879,0.328206,0.381018,0.052812,0.126108
735,0.357766,0.334317,0.389619,0.055302,0.128166
736,0.352421,0.316532,0.396270,0.079738,0.124421
737,0.356730,0.325392,0.397691,0.072299,0.127446
738,0.354746,0.331708,0.390521,0.058813,0.126072
739,0.360539,0.317784,0.393161,0.075377,0.130224
740,0.353986,0.325137,0.387310,0.062173,0.125515
741,0.358543,0.325348,0.392360,0.067012,0.128749
742,0.359172,0.323694,0.396813,0.073119,0.129290
743,0.360817,0.332714,0.396650,0.063936,0.130402
744,0.358215,0.324159,0.407452,0.083293,0.128563
745,0.359397,0.324410,0.394218,0.069808,0.129332
746,0.358799,0.328220,0.383488,0.055268,0.128929
747,0.357614,0.328494,0.384891,0.056397,0.128086
748,0.363560,0.322849,0.393392,0.070543,0.132361
749,0.358154,0.337780,0.424952,0.087172,0.128496
750,0.356723,0.323059,0.391996,0.068937,0.127546
751,0.358370,0.323826,0.403697,0.079871,0.128694
752,0.360521,0.321262,0.396331,0.075069,0.130250
753,0.357730,0.324858,0.383070,0.058212,0.128129
754,0.362808,0.317419,0.396997,0.079578,0.131898
755,0.369370,0.324828,0.405392,0.080564,0.136695
756,0.355464,0.326231,0.380017,0.053786,0.126565
757,0.356936,0.319776,0.382594,0.062818,0.127628
758,0.361781,0.338316,0.400320,0.062004,0.131061
759,0.361294,0.317713,0.392944,0.075231,0.130764
760,0.357687,0.324247,0.386860,0.062613,0.128130
761,0.363327,0.330357,0.391947,0.061590,0.132210
762,0.364951,0.328432,0.392664,0.064232,0.133410
763,0.358123,0.331538,0.400568,0.069030,0.128511
764,0.358726,0.331649,0.395031,0.063382,0.128819
765,0.359017,0.331493,0.398382,0.066889,0.129154
766,0.361343,0.331790,0.408212,0.076422,0.130788
767,0.359508,0.326828,0.391638,0.064810,0.129479
768,0.364139,0.326127,0.402730,0.076603,0.132853
769,0.363531,0.334476,0.402013,0.067537,0.132354
770,0.363262,0.330834,0.396163,0.065329,0.132170
771,0.360597,0.320493,0.402189,0.081696,0.130382
772,0.360834,0.334545,0.387379,0.052834,0.130396
773,0.366226,0.334338,0.436856,0.102518,0.134518
774,0.362942,0.332004,0.397261,0.065257,0.131962
775,0.366655,0.319774,0.406975,0.087201,0.134664
776,0.363924,0.326605,0.398370,0.071765,0.132675
777,0.361240,0.326085,0.393535,0.067450,0.130686
778,0.366969,0.341901,0.400866,0.058965,0.134860
779,0.363038,0.339498,0.385141,0.045643,0.131908
780,0.362723,0.324981,0.404256,0.079275,0.131847
781,0.362205,0.334045,0.409918,0.075873,0.131493
782,0.363747,0.322107,0.396482,0.074375,0.132525
783,0.365423,0.331849,0.402575,0.070726,0.133811
784,0.363300,0.340694,0.400336,0.059642,0.132174
785,0.369933,0.337300,0.407060,0.069760,0.137085
786,0.364816,0.343789,0.399010,0.055221,0.133238
787,0.365028,0.337234,0.408880,0.071646,0.133494
788,0.362924,0.335619,0.405418,0.069799,0.131996
789,0.361509,0.337299,0.396733,0.059434,0.130852
790,0.364007,0.331687,0.391705,0.060018,0.132655
791,0.359572,0.320159,0.392082,0.071923,0.129477
792,0.359696,0.335186,0.405408,0.070222,0.129605
793,0.363580,0.327156,0.397041,0.069885,0.132404
794,0.362714,0.332582,0.409330,0.076748,0.131834
795,0.363545,0.336562,0.391197,0.054635,0.132322
796,0.365066,0.337866,0.398868,0.061002,0.133449
797,0.362683,0.325407,0.398900,0.073493,0.131827
798,0.365373,0.328925,0.388863,0.059938,0.133705
799,0.359046,0.328092,0.400795,0.072703,0.129116
800,0.363760,0.329842,0.399041,0.069199,0.132637
801,0.364980,0.338035,0.402438,0.064403,0.133395
802,0.362874,0.326906,0.386673,0.059767,0.131883
803,0.367007,0.337196,0.407054,0.069858,0.134925
804,0.372723,0.328463,0.416092,0.087629,0.139228
805,0.368035,0.334726,0.403935,0.069209,0.135679
806,0.367386,0.330510,0.393714,0.063204,0.135177
807,0.363617,0.318810,0.399581,0.080771,0.132502
808,0.363795,0.327463,0.407313,0.079850,0.132603
809,0.362754,0.326939,0.399299,0.072360,0.131844
810,0.364769,0.331827,0.399402,0.067575,0.133242
811,0.367381,0.340334,0.405070,0.064736,0.135173
812,0.371093,0.338786,0.418914,0.080128,0.137971
813,0.364419,0.327995,0.396432,0.068437,0.133071
814,0.366785,0.336227,0.398941,0.062714,0.134721
815,0.363454,0.332438,0.398899,0.066461,0.132335
816,0.369142,0.341449,0.416756,0.075307,0.136503
817,0.362715,0.330661,0.397246,0.066585,0.131808
818,0.365779,0.330294,0.414626,0.084332,0.134058
819,0.369232,0.334746,0.423184,0.088438,0.136556
820,0.369999,0.335833,0.394578,0.058745,0.137053
821,0.364283,0.340517,0.390088,0.049571,0.132857
822,0.363103,0.332462,0.392756,0.060294,0.132059
823,0.367919,0.341805,0.394571,0.052766,0.135549
824,0.367130,0.333719,0.402774,0.069055,0.135001
825,0.365690,0.319594,0.400929,0.081335,0.133996
826,0.368858,0.337376,0.407163,0.069787,0.136265
827,0.371404,0.324063,0.405761,0.081698,0.138225
828,0.367458,0.331429,0.397804,0.066375,0.135288
829,0.366253,0.325069,0.401511,0.076442,0.134393
830,0.366915,0.337978,0.408309,0.070331,0.134868
831,0.372803,0.340832,0.413984,0.073152,0.139237
832,0.364064,0.329683,0.400931,0.071248,0.132780
833,0.368250,0.338071,0.397664,0.059593,0.135795
834,0.366409,0.336795,0.430080,0.093285,0.134563
835,0.371563,0.346950,0.405920,0.058970,0.138252
836,0.365256,0.335306,0.398963,0.063657,0.133661
837,0.371280,0.341387,0.403012,0.061625,0.138054
838,0.370276,0.341106,0.397600,0.056494,0.137318
839,0.369001,0.343857,0.401769,0.057912,0.136335
840,0.365924,0.315502,0.398184,0.082682,0.134154
841,0.371132,0.330962,0.418339,0.087377,0.138108
842,0.367656,0.335215,0.405238,0.070023,0.135353
843,0.373111,0.345726,0.421522,0.075796,0.139480
844,0.371860,0.332650,0.394489,0.061839,0.138506
845,0.377289,0.342692,0.410579,0.067887,0.142617
846,0.368065,0.331628,0.392587,0.060959,0.135662
847,0.377074,0.345600,0.415896,0.070296,0.142365
848,0.369092,0.334107,0.404972,0.070865,0.136424
849,0.368669,0.340061,0.395829,0.055768,0.136124
850,0.371082,0.340526,0.403177,0.062651,0.137910
851,0.368713,0.332549,0.406796,0.074247,0.136176
852,0.368918,0.340666,0.415268,0.074602,0.136409
853,0.371087,0.333316,0.406263,0.072947,0.137983
854,0.372340,0.338322,0.407426,0.069104,0.138804
855,0.367917,0.337422,0.405897,0.068475,0.135593
856,0.369426,0.337528,0.399239,0.061711,0.136688
857,0.374063,0.334643,0.410839,0.076196,0.140156
858,0.372669,0.347111,0.413439,0.066328,0.139136
859,0.374146,0.338429,0.417164,0.078735,0.140311
860,0.371381,0.342356,0.409261,0.066905,0.138122
861,0.370900,0.323442,0.407685,0.084243,0.137863
862,0.368099,0.347319,0.407827,0.060508,0.135698
863,0.370743,0.345702,0.407286,0.061584,0.137639
864,0.370176,0.328152,0.411573,0.083421,0.137348
865,0.370802,0.339222,0.418640,0.079418,0.137743
866,0.365763,0.327108,0.407341,0.080233,0.134046
867,0.365842,0.335994,0.392257,0.056263,0.134026
868,0.367797,0.330193,0.412783,0.082590,0.135506
869,0.370492,0.319129,0.400446,0.081317,0.137497
870,0.366339,0.328422,0.394503,0.066081,0.134400
871,0.370670,0.335144,0.411120,0.075976,0.137656
872,0.367492,0.322664,0.411519,0.088855,0.135372
873,0.369201,0.332685,0.401319,0.068634,0.136517
874,0.372737,0.331202,0.412516,0.081314,0.139269
875,0.368511,0.339677,0.409348,0.069671,0.135976
876,0.368234,0.335723,0.404403,0.068680,0.135871
877,0.372557,0.344081,0.411070,0.066989,0.139042
878,0.372428,0.336693,0.406064,0.069371,0.138958
879,0.371157,0.325852,0.398149,0.072297,0.138004
880,0.373308,0.333212,0.405203,0.071991,0.139578
881,0.369430,0.344906,0.424966,0.080060,0.136733
882,0.367530,0.331179,0.415426,0.084247,0.135327
883,0.371449,0.341483,0.399915,0.058432,0.138171
884,0.374787,0.342789,0.406489,0.063700,0.140711
885,0.371426,0.335617,0.405559,0.069942,0.138142
886,0.370648,0.339179,0.400291,0.061112,0.137630
887,0.372153,0.341980,0.397764,0.055784,0.138703
888,0.375956,0.319702,0.414398,0.094696,0.141697
889,0.375558,0.348926,0.414075,0.065149,0.141254
890,0.373643,0.327654,0.411772,0.084118,0.139904
891,0.376192,0.345622,0.416022,0.070400,0.141784
892,0.374658,0.327373,0.405380,0.078007,0.140613
893,0.376748,0.326975,0.404954,0.077979,0.142271
894,0.374972,0.340557,0.417035,0.076478,0.140961
895,0.373843,0.335749,0.420530,0.084781,0.140032
896,0.375208,0.336413,0.410055,0.073642,0.141049
897,0.373423,0.344497,0.432871,0.088374,0.139720
898,0.379665,0.354461,0.415394,0.060933,0.144362
899,0.376780,0.334019,0.405438,0.071419,0.142216
900,0.372884,0.343795,0.404849,0.061054,0.139296
901,0.376882,0.344898,0.418030,0.073132,0.142332
902,0.375136,0.350714,0.400866,0.050152,0.140861
903,0.372836,0.341423,0.417598,0.076175,0.139416
904,0.374506,0.336249,0.406468,0.070219,0.140479
905,0.373220,0.339188,0.398439,0.059251,0.139500
906,0.378688,0.342600,0.413304,0.070704,0.143663
907,0.375695,0.343508,0.420994,0.077486,0.141416
908,0.371200,0.335423,0.413011,0.077588,0.138039
909,0.373859,0.344438,0.410666,0.066228,0.139999
910,0.379719,0.351328,0.426281,0.074953,0.144401
911,0.370605,0.336339,0.410522,0.074183,0.137735
912,0.372161,0.326279,0.411445,0.085166,0.138812
913,0.371141,0.336615,0.401845,0.065230,0.138016
914,0.374798,0.337754,0.406717,0.068963,0.140760
915,0.376518,0.328988,0.414649,0.085661,0.142113
916,0.373805,0.328854,0.418056,0.089202,0.140063
917,0.378061,0.349218,0.428415,0.079197,0.143137
918,0.376457,0.342307,0.406349,0.064042,0.141952
919,0.378404,0.339656,0.437234,0.097578,0.143532
920,0.375119,0.340419,0.426998,0.086579,0.140983
921,0.372069,0.328232,0.403754,0.075522,0.138602
922,0.379227,0.339552,0.416917,0.077365,0.144148
923,0.380762,0.339792,0.416598,0.076806,0.145188
924,0.378988,0.348990,0.418754,0.069764,0.143855
925,0.382676,0.350874,0.414906,0.064032,0.146692
926,0.377888,0.340478,0.411028,0.070550,0.143025
927,0.376419,0.331664,0.418399,0.086735,0.141957
928,0.375941,0.349875,0.412705,0.062830,0.141496
929,0.378315,0.346742,0.397981,0.051239,0.143278
930,0.376742,0.332104,0.416116,0.084012,0.142304
931,0.373370,0.346437,0.403081,0.056644,0.139596
932,0.374171,0.346030,0.404031,0.058001,0.140154
933,0.376045,0.342171,0.403998,0.061827,0.141641
934,0.377913,0.351779,0.415790,0.064011,0.143048
935,0.372800,0.334938,0.405279,0.070341,0.139185
936,0.386764,0.350232,0.439536,0.089304,0.149899
937,0.382264,0.348462,0.416357,0.067895,0.146368
938,0.383884,0.335908,0.435397,0.099489,0.147715
939,0.379843,0.341153,0.411008,0.069855,0.144543
940,0.379715,0.347185,0.419593,0.072408,0.144454
941,0.383102,0.325054,0.428690,0.103636,0.147156
942,0.375999,0.344606,0.407547,0.062941,0.141567
943,0.376969,0.336155,0.414701,0.078546,0.142425
944,0.376093,0.344392,0.415829,0.071437,0.141691
945,0.377976,0.337421,0.419130,0.081709,0.143167
946,0.380254,0.354101,0.427896,0.073795,0.144821
947,0.382730,0.346747,0.423721,0.076974,0.146759
948,0.379887,0.352986,0.414444,0.061458,0.144516
949,0.381160,0.351198,0.412483,0.061285,0.145530
950,0.387032,0.359020,0.417958,0.058938,0.150079
951,0.385452,0.342446,0.422973,0.080527,0.148885
952,0.377975,0.336710,0.409683,0.072973,0.143121
953,0.384331,0.347448,0.418734,0.071286,0.148035
954,0.382916,0.342272,0.420500,0.078228,0.146948
955,0.379263,0.326740,0.409745,0.083005,0.144202
956,0.383586,0.346441,0.419922,0.073481,0.147468
957,0.381729,0.357079,0.430420,0.073341,0.145988
958,0.386437,0.360971,0.423549,0.062578,0.149600
959,0.381465,0.349997,0.414912,0.064915,0.145765
960,0.381767,0.335009,0.421852,0.086843,0.146053
961,0.386744,0.351599,0.427298,0.075699,0.149869
962,0.384334,0.339698,0.417648,0.077950,0.147953
963,0.382883,0.351652,0.417596,0.065944,0.146857
964,0.380175,0.342099,0.419029,0.076930,0.144717
965,0.385739,0.331917,0.429534,0.097617,0.149202
966,0.383705,0.340920,0.432626,0.091706,0.147517
967,0.380364,0.345251,0.418027,0.072776,0.144885
968,0.381184,0.348600,0.413074,0.064474,0.145497
969,0.380695,0.337034,0.413928,0.076894,0.145193
970,0.380180,0.345988,0.411695,0.065707,0.144772
971,0.382910,0.340711,0.420288,0.079577,0.146969
972,0.383275,0.343491,0.418867,0.075376,0.147141
973,0.387604,0.344976,0.430038,0.085062,0.150612
974,0.384684,0.351194,0.415450,0.064256,0.148218
975,0.383027,0.349922,0.425039,0.075117,0.146981
976,0.383343,0.353509,0.410341,0.056832,0.147195
977,0.386565,0.353109,0.426787,0.073678,0.149673
978,0.382054,0.344845,0.421850,0.077005,0.146277
979,0.383049,0.327970,0.427489,0.099519,0.147103
980,0.384972,0.353696,0.417975,0.064279,0.148454
981,0.385557,0.357817,0.423100,0.065283,0.148926
982,0.383428,0.350473,0.417056,0.066583,0.147324
983,0.385642,0.335842,0.424098,0.088256,0.149031
984,0.386292,0.342699,0.427691,0.084992,0.149552
985,0.386933,0.353409,0.432244,0.078835,0.150033
986,0.384783,0.344425,0.423469,0.079044,0.148320
987,0.387131,0.344706,0.432376,0.087670,0.150139
988,0.385477,0.356353,0.421650,0.065297,0.148819
989,0.386813,0.347500,0.423329,0.075829,0.149924
990,0.385287,0.356276,0.412557,0.056281,0.148659
991,0.383669,0.351023,0.420539,0.069516,0.147456
992,0.382626,0.344761,0.411464,0.066703,0.146600
993,0.384349,0.352380,0.410896,0.058516,0.147927
994,0.386862,0.348398,0.437877,0.089479,0.150037
995,0.386170,0.344074,0.431078,0.087004,0.149406
996,0.388021,0.356648,0.419193,0.062545,0.150723
997,0.390950,0.355061,0.427261,0.072200,0.153061
998,0.384911,0.347458,0.416342,0.068884,0.148349
999,0.387253,0.341247,0.418523,0.077276,0.150285
1000,0.387581,0.343617,0.421282,0.077665,0.150525
